material_type,quality_grade,quantity,unit,age_years,damage_percentage,original_price,current_market_price,location,transport_distance,demand_score,reuse_score,selling_price
Window Glass,Grade C,1200.0,sq.ft,4.2,42.9,90000.0,94500.0,Pune,32.1,1.06,38.0,26295.0
Red Bricks,Grade B,500.0,Pieces,0.2,29.2,5500.0,5775.0,Chennai,21.5,1.02,55.00000000000001,2606.0
Construction Sand,Grade B,10.0,Tonnes,2.4,10.6,18000.0,18900.0,Delhi,47.7,1.1,55.00000000000001,9952.0
Asbestos / Hazardous Sheeting,Grade E,800.0,sq.ft,1.9,67.1,0.0,0.0,Delhi,13.2,1.1,0.0,0.0
TMT Steel Rods,Grade B,500.0,kg,0.9,11.5,29000.0,30450.0,Chennai,45.3,1.02,55.00000000000001,15594.0
PVC Pipes,Grade B,100.0,Pieces,0.3,28.2,26000.0,27300.0,Delhi,48.4,1.1,55.00000000000001,12692.0
Corrugated Roofing Sheets,Grade A,500.0,sq.ft,0.7,16.9,32500.0,34125.0,Pune,13.9,1.06,75.0,24082.0
Structural Wood / Timber,Grade D,1200.0,sq.ft,0.6,83.8,156000.0,163800.0,Mysuru,37.8,0.95,22.0,16924.0
PVC Pipes,Grade B,5000.0,Pieces,2.1,23.4,1300000.0,1365000.0,Mumbai,16.5,1.18,55.00000000000001,720878.0
Mixed Demolition Waste,Grade A,15.0,Tonnes,2.1,10.9,6750.0,7087.5,Pune,14.1,1.06,75.0,5100.0
Corrugated Roofing Sheets,Grade A,800.0,sq.ft,3.8,13.9,52000.0,54600.0,Mumbai,41.2,1.18,75.0,44497.0
Window Glass,Grade D,500.0,sq.ft,1.0,59.3,37500.0,39375.0,Bangalore,23.8,1.12,22.0,6015.0
Structural Wood / Timber,Grade C,100.0,sq.ft,1.4,54.0,13000.0,13650.0,Mysuru,7.9,0.95,38.0,3065.0
Window Glass,Grade B,250.0,sq.ft,0.7,12.3,18750.0,19687.5,Bangalore,28.9,1.12,55.00000000000001,11538.0
TMT Steel Rods,Grade A,200.0,kg,1.0,2.2,11600.0,12180.0,Mumbai,11.8,1.18,75.0,10122.0
Ceramic Floor Tiles,Grade C,100.0,sq.ft,2.9,40.3,4200.0,4410.0,Mumbai,22.9,1.18,38.0,1499.0
Aluminum Windows,Grade B,50.0,Pieces,0.9,23.2,140000.0,147000.0,Bangalore,28.2,1.12,55.00000000000001,76436.0
Granite Slabs,Grade A,500.0,sq.ft,7.0,14.1,95000.0,99750.0,Chennai,43.5,1.02,75.0,68977.0
Asbestos / Hazardous Sheeting,Grade E,100.0,sq.ft,8.4,46.6,0.0,0.0,Mumbai,34.9,1.18,0.0,0.0
Sanitaryware Ceramics,Grade A,2000.0,Pieces,2.2,17.2,1700000.0,1785000.0,Mysuru,19.6,0.95,75.0,1119704.0
Window Glass,Grade C,1200.0,sq.ft,2.5,84.0,90000.0,94500.0,Bangalore,26.9,1.12,38.0,19546.0
PVC Pipes,Grade B,200.0,Pieces,1.5,20.9,52000.0,54600.0,Mysuru,30.7,0.95,55.00000000000001,23752.0
Natural Stone Slabs,Grade D,25.0,Tonnes,4.3,55.0,27500.0,28875.0,Mumbai,43.4,1.18,22.0,4411.0
Red Bricks,Grade B,5000.0,Pieces,2.6,15.3,55000.0,57750.0,Mysuru,49.6,0.95,55.00000000000001,26160.0
Concrete Rubble,Grade B,10.0,Tonnes,0.6,15.0,12000.0,12600.0,Bangalore,44.0,1.12,55.00000000000001,6853.0
Corrugated Roofing Sheets,Grade A,800.0,sq.ft,2.3,15.0,52000.0,54600.0,Pune,44.9,1.06,75.0,37722.0
Mixed Demolition Waste,Grade B,60.0,Tonnes,12.2,14.2,27000.0,28350.0,Pune,29.2,1.06,55.00000000000001,14743.0
Structural Wood / Timber,Grade B,500.0,sq.ft,1.2,12.9,65000.0,68250.0,Hyderabad,33.7,1.05,55.00000000000001,31827.0
Granite Slabs,Grade B,250.0,sq.ft,1.9,14.8,47500.0,49875.0,Mumbai,46.2,1.18,55.00000000000001,29063.0
Construction Sand,Grade B,40.0,Tonnes,0.5,9.1,72000.0,75600.0,Chennai,23.9,1.02,55.00000000000001,37070.0
Structural Wood / Timber,Grade A,1200.0,sq.ft,0.6,6.4,156000.0,163800.0,Hyderabad,26.3,1.05,75.0,126978.0
Red Bricks,Grade B,100.0,Pieces,1.7,21.5,1100.0,1155.0,Hyderabad,47.0,1.05,55.00000000000001,624.0
Corrugated Roofing Sheets,Grade A,500.0,sq.ft,8.9,11.3,32500.0,34125.0,Pune,33.9,1.06,75.0,24598.0
Red Bricks,Grade C,1000.0,Pieces,8.7,67.4,11000.0,11550.0,Mumbai,14.7,1.18,38.0,2889.0
Sanitaryware Ceramics,Grade C,5000.0,Pieces,3.4,76.8,4250000.0,4462500.0,Bangalore,10.3,1.12,38.0,1025315.0
Sanitaryware Ceramics,Grade B,200.0,Pieces,0.3,20.4,170000.0,178500.0,Hyderabad,49.6,1.05,55.00000000000001,79997.0
Window Glass,Grade B,100.0,sq.ft,8.2,3.4,7500.0,7875.0,Pune,22.0,1.06,55.00000000000001,4208.0
Granite Slabs,Grade B,800.0,sq.ft,1.4,10.1,152000.0,159600.0,Bangalore,21.0,1.12,55.00000000000001,88322.0
Asbestos / Hazardous Sheeting,Grade E,1200.0,sq.ft,2.2,61.6,0.0,0.0,Mumbai,38.9,1.18,0.0,0.0
Marble Slabs,Grade C,250.0,sq.ft,8.2,70.9,52500.0,55125.0,Hyderabad,32.8,1.05,38.0,11828.0
Sanitaryware Ceramics,Grade D,50.0,Pieces,0.5,47.5,42500.0,44625.0,Mysuru,31.6,0.95,22.0,6230.0
TMT Steel Rods,Grade B,1000.0,kg,2.2,35.6,58000.0,60900.0,Pune,16.4,1.06,55.00000000000001,28127.0
Asbestos / Hazardous Sheeting,Grade E,100.0,sq.ft,4.6,23.9,0.0,0.0,Delhi,21.9,1.1,0.0,0.0
Granite Slabs,Grade A,500.0,sq.ft,1.0,11.9,95000.0,99750.0,Bangalore,36.3,1.12,75.0,72022.0
Red Bricks,Grade B,1000.0,Pieces,1.7,8.3,11000.0,11550.0,Chennai,17.5,1.02,55.00000000000001,5723.0
TMT Steel Rods,Grade B,200.0,kg,1.0,15.8,11600.0,12180.0,Mysuru,17.6,0.95,55.00000000000001,5866.0
Marble Slabs,Grade A,250.0,sq.ft,0.4,2.4,52500.0,55125.0,Chennai,47.0,1.02,75.0,36844.0
Sanitaryware Ceramics,Grade B,1000.0,Pieces,0.3,29.9,850000.0,892500.0,Hyderabad,38.7,1.05,55.00000000000001,421398.0
Granite Slabs,Grade C,500.0,sq.ft,0.3,52.4,95000.0,99750.0,Mysuru,30.0,0.95,38.0,25310.0
Structural Wood / Timber,Grade C,250.0,sq.ft,5.9,78.6,32500.0,34125.0,Mysuru,21.1,0.95,38.0,6332.0
PVC Pipes,Grade A,1000.0,Pieces,2.4,10.2,260000.0,273000.0,Mysuru,9.0,0.95,75.0,176791.0
Construction Sand,Grade B,60.0,Tonnes,3.1,31.1,108000.0,113400.0,Hyderabad,32.4,1.05,55.00000000000001,50037.0
Sanitaryware Ceramics,Grade B,2000.0,Pieces,0.5,11.2,1700000.0,1785000.0,Mumbai,33.0,1.18,55.00000000000001,959036.0
Structural Wood / Timber,Grade E,500.0,sq.ft,1.5,84.1,65000.0,68250.0,Hyderabad,11.2,1.05,0.0,0.0
PVC Pipes,Grade A,100.0,Pieces,1.5,11.0,26000.0,27300.0,Delhi,15.1,1.1,75.0,19631.0
Flush Doors,Grade A,100.0,Pieces,2.6,20.5,420000.0,441000.0,Hyderabad,36.1,1.05,75.0,286736.0
Galvanized Iron (GI) Pipes,Grade A,5000.0,Pieces,3.2,28.0,2750000.0,2887500.0,Pune,29.1,1.06,75.0,1816399.0
Natural Stone Slabs,Grade B,15.0,Tonnes,0.4,14.3,16500.0,17325.0,Hyderabad,28.9,1.05,55.00000000000001,8438.0
Corrugated Roofing Sheets,Grade D,100.0,sq.ft,2.5,68.0,6500.0,6825.0,Chennai,42.8,1.02,22.0,866.0
Granite Slabs,Grade B,250.0,sq.ft,3.6,12.2,47500.0,49875.0,Bangalore,30.1,1.12,55.00000000000001,27115.0
PVC Pipes,Grade B,200.0,Pieces,1.6,24.3,52000.0,54600.0,Mumbai,49.4,1.18,55.00000000000001,27215.0
Ceramic Floor Tiles,Grade B,100.0,sq.ft,5.9,16.5,4200.0,4410.0,Delhi,27.1,1.1,55.00000000000001,2303.0
Ceramic Floor Tiles,Grade C,250.0,sq.ft,4.0,12.3,10500.0,11025.0,Bangalore,19.6,1.12,38.0,4185.0
Granite Slabs,Grade B,500.0,sq.ft,3.0,0.9,95000.0,99750.0,Bangalore,31.7,1.12,55.00000000000001,58827.0
Ceramic Floor Tiles,Grade B,1200.0,sq.ft,2.6,4.6,50400.0,52920.0,Mysuru,5.1,0.95,55.00000000000001,25534.0
Ceramic Floor Tiles,Grade B,500.0,sq.ft,0.5,9.4,21000.0,22050.0,Chennai,47.2,1.02,55.00000000000001,11786.0
Electrical Wiring & Panels,Grade B,2000.0,Pieces,4.3,24.7,440000.0,462000.0,Bangalore,41.0,1.12,55.00000000000001,226786.0
Mixed Demolition Waste,Grade C,60.0,Tonnes,7.4,43.3,27000.0,28350.0,Mysuru,45.5,0.95,38.0,7453.0
Ceramic Floor Tiles,Grade B,500.0,sq.ft,2.3,20.1,21000.0,22050.0,Pune,29.4,1.06,55.00000000000001,9962.0
Mixed Demolition Waste,Grade B,60.0,Tonnes,4.9,6.5,27000.0,28350.0,Delhi,38.9,1.1,55.00000000000001,15749.0
Structural Wood / Timber,Grade C,1200.0,sq.ft,0.3,69.0,156000.0,163800.0,Bangalore,10.0,1.12,38.0,40910.0
Structural Wood / Timber,Grade B,500.0,sq.ft,4.0,7.3,65000.0,68250.0,Delhi,32.0,1.1,55.00000000000001,39120.0
Asbestos / Hazardous Sheeting,Grade E,500.0,sq.ft,9.8,59.7,0.0,0.0,Mumbai,11.9,1.18,0.0,0.0
Red Bricks,Grade A,200.0,Pieces,2.9,41.7,2200.0,2310.0,Delhi,38.1,1.1,75.0,1432.0
PVC Pipes,Grade C,50.0,Pieces,2.0,73.7,13000.0,13650.0,Mumbai,14.3,1.18,38.0,3313.0
Cement Blocks,Grade B,200.0,Pieces,6.2,39.7,10400.0,10920.0,Bangalore,6.5,1.12,55.00000000000001,4337.0
Mixed Demolition Waste,Grade A,60.0,Tonnes,2.3,24.2,27000.0,28350.0,Bangalore,14.9,1.12,75.0,19448.0
Granite Slabs,Grade E,1200.0,sq.ft,2.6,68.6,228000.0,239400.0,Bangalore,22.9,1.12,0.0,0.0
Mixed Demolition Waste,Grade A,15.0,Tonnes,1.5,39.1,6750.0,7087.5,Mumbai,8.0,1.18,75.0,4526.0
Concrete Rubble,Grade B,15.0,Tonnes,1.7,31.8,18000.0,18900.0,Bangalore,21.8,1.12,55.00000000000001,8839.0
Flush Doors,Grade D,5000.0,Pieces,1.8,53.7,21000000.0,22050000.0,Mysuru,35.2,0.95,22.0,2912449.0
Red Bricks,Grade B,500.0,Pieces,5.1,13.9,5500.0,5775.0,Mysuru,35.1,0.95,55.00000000000001,2678.0
Natural Stone Slabs,Grade B,25.0,Tonnes,0.2,1.9,27500.0,28875.0,Mysuru,20.1,0.95,55.00000000000001,13944.0
Electrical Wiring & Panels,Grade C,50.0,Pieces,1.8,76.8,11000.0,11550.0,Hyderabad,44.1,1.05,38.0,2459.0
Granite Slabs,Grade B,500.0,sq.ft,1.1,24.7,95000.0,99750.0,Bangalore,24.0,1.12,55.00000000000001,51329.0
Corrugated Roofing Sheets,Grade C,250.0,sq.ft,0.3,31.6,16250.0,17062.5,Hyderabad,37.4,1.05,38.0,5066.0
PVC Pipes,Grade B,100.0,Pieces,3.5,8.8,26000.0,27300.0,Hyderabad,24.0,1.05,55.00000000000001,14681.0
Concrete Rubble,Grade A,15.0,Tonnes,0.8,18.4,18000.0,18900.0,Mumbai,21.0,1.18,75.0,13618.0
Cement Blocks,Grade D,500.0,Pieces,3.5,79.7,26000.0,27300.0,Pune,12.3,1.06,22.0,3252.0
Asbestos / Hazardous Sheeting,Grade E,100.0,sq.ft,5.8,26.6,0.0,0.0,Mumbai,27.3,1.18,0.0,0.0
Window Glass,Grade A,800.0,sq.ft,5.0,27.7,60000.0,63000.0,Mysuru,41.3,0.95,75.0,33406.0
Granite Slabs,Grade A,1200.0,sq.ft,3.7,8.4,228000.0,239400.0,Mysuru,39.2,0.95,75.0,159432.0
PVC Pipes,Grade A,5000.0,Pieces,3.3,27.2,1300000.0,1365000.0,Bangalore,50.0,1.12,75.0,899805.0
Window Glass,Grade A,800.0,sq.ft,4.1,14.9,60000.0,63000.0,Hyderabad,43.0,1.05,75.0,44641.0
Granite Slabs,Grade C,800.0,sq.ft,2.7,54.9,152000.0,159600.0,Mumbai,30.8,1.18,38.0,47559.0
Granite Slabs,Grade B,500.0,sq.ft,1.4,21.9,95000.0,99750.0,Chennai,44.2,1.02,55.00000000000001,47613.0
Cement Blocks,Grade A,500.0,Pieces,1.5,19.3,26000.0,27300.0,Chennai,49.3,1.02,75.0,15839.0
Flush Doors,Grade A,2000.0,Pieces,1.8,6.3,8400000.0,8820000.0,Pune,43.4,1.06,75.0,6597059.0
Marble Slabs,Grade A,1200.0,sq.ft,0.3,37.2,252000.0,264600.0,Chennai,40.4,1.02,75.0,148103.0
Aluminum Windows,Grade B,500.0,Pieces,6.5,12.2,1400000.0,1470000.0,Pune,7.9,1.06,55.00000000000001,790893.0
Mixed Demolition Waste,Grade B,5.0,Tonnes,0.3,10.9,2250.0,2362.5,Mysuru,28.3,0.95,55.00000000000001,1121.0
Asbestos / Hazardous Sheeting,Grade E,1200.0,sq.ft,2.4,64.2,0.0,0.0,Mysuru,29.2,0.95,0.0,0.0
Galvanized Iron (GI) Pipes,Grade D,50.0,Pieces,0.5,48.9,27500.0,28875.0,Hyderabad,43.3,1.05,22.0,4476.0
Structural Wood / Timber,Grade C,1200.0,sq.ft,1.8,46.6,156000.0,163800.0,Mysuru,14.9,0.95,38.0,39027.0
Corrugated Roofing Sheets,Grade D,1200.0,sq.ft,5.9,32.2,78000.0,81900.0,Hyderabad,38.0,1.05,22.0,13879.0
Mixed Demolition Waste,Grade D,10.0,Tonnes,5.9,55.7,4500.0,4725.0,Delhi,9.8,1.1,22.0,698.0
Structural Wood / Timber,Grade D,250.0,sq.ft,2.1,64.2,32500.0,34125.0,Mysuru,42.4,0.95,22.0,4151.0
Electrical Wiring & Panels,Grade A,1000.0,Pieces,3.1,15.5,220000.0,231000.0,Hyderabad,40.1,1.05,75.0,158813.0
Flush Doors,Grade B,200.0,Pieces,1.5,11.5,840000.0,882000.0,Mysuru,12.5,0.95,55.00000000000001,415293.0
Electrical Wiring & Panels,Grade A,500.0,Pieces,2.1,5.5,110000.0,115500.0,Mysuru,6.1,0.95,75.0,80535.0
Concrete Rubble,Grade B,15.0,Tonnes,8.9,14.7,18000.0,18900.0,Hyderabad,14.9,1.05,55.00000000000001,9920.0
Concrete Rubble,Grade C,15.0,Tonnes,3.4,76.4,18000.0,18900.0,Delhi,48.4,1.1,38.0,4019.0
Red Bricks,Grade B,5000.0,Pieces,1.0,29.2,55000.0,57750.0,Chennai,26.2,1.02,55.00000000000001,25216.0
PVC Pipes,Grade A,200.0,Pieces,6.3,18.1,52000.0,54600.0,Bangalore,40.9,1.12,75.0,39737.0
Cement Blocks,Grade A,2000.0,Pieces,2.2,11.8,104000.0,109200.0,Pune,15.1,1.06,75.0,74499.0
Concrete Rubble,Grade C,60.0,Tonnes,12.7,77.4,72000.0,75600.0,Mumbai,18.1,1.18,38.0,17835.0
Ceramic Floor Tiles,Grade D,800.0,sq.ft,2.2,65.9,33600.0,35280.0,Mumbai,20.6,1.18,22.0,5029.0
PVC Pipes,Grade A,100.0,Pieces,0.4,24.5,26000.0,27300.0,Delhi,22.9,1.1,75.0,18440.0
Natural Stone Slabs,Grade C,60.0,Tonnes,0.9,44.3,66000.0,69300.0,Pune,31.8,1.06,38.0,18895.0
Galvanized Iron (GI) Pipes,Grade A,200.0,Pieces,3.9,15.7,110000.0,115500.0,Bangalore,26.8,1.12,75.0,85877.0
Ceramic Floor Tiles,Grade C,800.0,sq.ft,2.2,77.8,33600.0,35280.0,Mysuru,16.1,0.95,38.0,6153.0
Corrugated Roofing Sheets,Grade B,250.0,sq.ft,0.9,24.5,16250.0,17062.5,Mumbai,5.9,1.18,55.00000000000001,8524.0
Galvanized Iron (GI) Pipes,Grade B,5000.0,Pieces,0.9,28.5,2750000.0,2887500.0,Delhi,23.7,1.1,55.00000000000001,1287193.0
Asbestos / Hazardous Sheeting,Grade E,250.0,sq.ft,1.5,17.6,0.0,0.0,Hyderabad,31.9,1.05,0.0,0.0
Mixed Demolition Waste,Grade B,10.0,Tonnes,1.5,18.8,4500.0,4725.0,Chennai,37.2,1.02,55.00000000000001,2228.0
Marble Slabs,Grade B,100.0,sq.ft,1.0,10.5,21000.0,22050.0,Mysuru,34.8,0.95,55.00000000000001,10392.0
Concrete Rubble,Grade D,60.0,Tonnes,1.4,78.6,72000.0,75600.0,Hyderabad,19.9,1.05,22.0,8693.0
Flush Doors,Grade C,500.0,Pieces,1.9,82.8,2100000.0,2205000.0,Bangalore,22.1,1.12,38.0,420296.0
Electrical Wiring & Panels,Grade B,500.0,Pieces,3.9,25.6,110000.0,115500.0,Bangalore,17.1,1.12,55.00000000000001,59851.0
Concrete Rubble,Grade A,60.0,Tonnes,8.5,23.0,72000.0,75600.0,Hyderabad,36.0,1.05,75.0,47935.0
Aluminum Windows,Grade A,500.0,Pieces,3.3,48.5,1400000.0,1470000.0,Bangalore,10.7,1.12,75.0,835914.0
PVC Pipes,Grade E,200.0,Pieces,4.1,51.4,52000.0,54600.0,Bangalore,35.7,1.12,0.0,0.0
Sanitaryware Ceramics,Grade A,50.0,Pieces,6.3,11.6,42500.0,44625.0,Mysuru,32.0,0.95,75.0,29119.0
Concrete Rubble,Grade E,10.0,Tonnes,1.3,77.5,12000.0,12600.0,Chennai,23.2,1.02,0.0,0.0
Natural Stone Slabs,Grade D,60.0,Tonnes,5.1,59.9,66000.0,69300.0,Mumbai,29.5,1.18,22.0,10415.0
Mixed Demolition Waste,Grade B,60.0,Tonnes,2.9,4.4,27000.0,28350.0,Bangalore,33.9,1.12,55.00000000000001,16170.0
Concrete Rubble,Grade B,60.0,Tonnes,2.5,3.6,72000.0,75600.0,Mumbai,38.6,1.18,55.00000000000001,46047.0
Aluminum Windows,Grade A,1000.0,Pieces,0.4,40.5,2800000.0,2940000.0,Pune,20.8,1.06,75.0,1788258.0
Concrete Rubble,Grade A,10.0,Tonnes,1.1,12.3,12000.0,12600.0,Delhi,32.5,1.1,75.0,8806.0
TMT Steel Rods,Grade C,200.0,kg,0.8,68.6,11600.0,12180.0,Chennai,30.5,1.02,38.0,2504.0
Flush Doors,Grade D,200.0,Pieces,2.2,45.0,840000.0,882000.0,Delhi,5.1,1.1,22.0,149863.0
Galvanized Iron (GI) Pipes,Grade C,100.0,Pieces,3.0,85.5,55000.0,57750.0,Pune,37.9,1.06,38.0,10490.0
TMT Steel Rods,Grade B,200.0,kg,5.2,9.3,11600.0,12180.0,Mysuru,38.2,0.95,55.00000000000001,5642.0
Granite Slabs,Grade A,1200.0,sq.ft,3.3,31.7,228000.0,239400.0,Hyderabad,7.6,1.05,75.0,146957.0
Concrete Rubble,Grade B,25.0,Tonnes,3.8,12.2,30000.0,31500.0,Pune,41.8,1.06,55.00000000000001,15140.0
Window Glass,Grade C,100.0,sq.ft,0.5,77.0,7500.0,7875.0,Delhi,32.8,1.1,38.0,1618.0
Corrugated Roofing Sheets,Grade B,500.0,sq.ft,3.5,21.4,32500.0,34125.0,Mysuru,29.0,0.95,55.00000000000001,14107.0
Ceramic Floor Tiles,Grade A,800.0,sq.ft,3.5,6.8,33600.0,35280.0,Delhi,9.0,1.1,75.0,28426.0
Structural Wood / Timber,Grade A,800.0,sq.ft,4.4,20.1,104000.0,109200.0,Pune,20.6,1.06,75.0,75883.0
Marble Slabs,Grade B,250.0,sq.ft,1.7,14.9,52500.0,55125.0,Pune,40.5,1.06,55.00000000000001,28029.0
Red Bricks,Grade B,200.0,Pieces,4.8,10.4,2200.0,2310.0,Delhi,15.8,1.1,55.00000000000001,1313.0
TMT Steel Rods,Grade D,500.0,kg,7.8,61.0,29000.0,30450.0,Chennai,44.1,1.02,22.0,4109.0
Ceramic Floor Tiles,Grade A,250.0,sq.ft,1.3,18.6,10500.0,11025.0,Pune,48.1,1.06,75.0,7627.0
Concrete Rubble,Grade A,60.0,Tonnes,1.3,20.1,72000.0,75600.0,Chennai,11.6,1.02,75.0,50243.0
Concrete Rubble,Grade A,25.0,Tonnes,2.3,15.2,30000.0,31500.0,Mysuru,19.0,0.95,75.0,17181.0
Ceramic Floor Tiles,Grade A,500.0,sq.ft,3.1,19.8,21000.0,22050.0,Mumbai,38.9,1.18,75.0,17354.0
Construction Sand,Grade E,25.0,Tonnes,0.8,62.6,45000.0,47250.0,Mumbai,49.9,1.18,0.0,0.0
Asbestos / Hazardous Sheeting,Grade E,1200.0,sq.ft,3.1,81.8,0.0,0.0,Hyderabad,20.9,1.05,0.0,0.0
Natural Stone Slabs,Grade A,40.0,Tonnes,4.6,16.5,44000.0,46200.0,Hyderabad,39.2,1.05,75.0,31356.0
Red Bricks,Grade B,5000.0,Pieces,1.0,10.5,55000.0,57750.0,Mysuru,27.5,0.95,55.00000000000001,26894.0
TMT Steel Rods,Grade D,500.0,kg,3.4,49.4,29000.0,30450.0,Delhi,45.1,1.1,22.0,5163.0
Marble Slabs,Grade B,500.0,sq.ft,8.2,5.4,105000.0,110250.0,Mysuru,25.3,0.95,55.00000000000001,54165.0
Granite Slabs,Grade B,500.0,sq.ft,2.0,14.2,95000.0,99750.0,Delhi,34.7,1.1,55.00000000000001,52319.0
Granite Slabs,Grade E,250.0,sq.ft,1.7,77.4,47500.0,49875.0,Hyderabad,5.9,1.05,0.0,0.0
Marble Slabs,Grade E,250.0,sq.ft,4.8,67.1,52500.0,55125.0,Pune,19.5,1.06,0.0,0.0
Concrete Rubble,Grade B,5.0,Tonnes,7.8,11.4,6000.0,6300.0,Hyderabad,46.8,1.05,55.00000000000001,3275.0
Galvanized Iron (GI) Pipes,Grade B,500.0,Pieces,2.6,8.0,275000.0,288750.0,Mumbai,13.9,1.18,55.00000000000001,171997.0
Cement Blocks,Grade C,1000.0,Pieces,6.1,71.0,52000.0,54600.0,Chennai,49.0,1.02,38.0,11700.0
Natural Stone Slabs,Grade C,25.0,Tonnes,0.8,65.9,27500.0,28875.0,Pune,6.9,1.06,38.0,6672.0
Construction Sand,Grade A,40.0,Tonnes,0.9,12.7,72000.0,75600.0,Mysuru,38.5,0.95,75.0,48763.0
Cement Blocks,Grade B,100.0,Pieces,0.7,22.9,5200.0,5460.0,Mumbai,30.1,1.18,55.00000000000001,2981.0
Cement Blocks,Grade E,5000.0,Pieces,1.7,65.3,260000.0,273000.0,Mumbai,32.7,1.18,0.0,0.0
Concrete Rubble,Grade B,60.0,Tonnes,2.5,26.1,72000.0,75600.0,Hyderabad,14.1,1.05,55.00000000000001,34899.0
Aluminum Windows,Grade C,200.0,Pieces,1.3,42.6,560000.0,588000.0,Pune,11.2,1.06,38.0,165229.0
Ceramic Floor Tiles,Grade B,800.0,sq.ft,0.2,2.7,33600.0,35280.0,Pune,28.0,1.06,55.00000000000001,18857.0
Asbestos / Hazardous Sheeting,Grade E,500.0,sq.ft,0.4,42.8,0.0,0.0,Delhi,27.4,1.1,0.0,0.0
Natural Stone Slabs,Grade A,5.0,Tonnes,4.3,10.8,5500.0,5775.0,Hyderabad,24.5,1.05,75.0,4037.0
Construction Sand,Grade E,60.0,Tonnes,1.3,61.6,108000.0,113400.0,Delhi,49.6,1.1,0.0,0.0
Aluminum Windows,Grade C,50.0,Pieces,2.9,74.2,140000.0,147000.0,Mysuru,31.4,0.95,38.0,29924.0
Corrugated Roofing Sheets,Grade C,1200.0,sq.ft,1.1,61.6,78000.0,81900.0,Mumbai,36.8,1.18,38.0,21579.0
TMT Steel Rods,Grade A,1500.0,kg,2.3,33.9,87000.0,91350.0,Pune,10.9,1.06,75.0,56702.0
TMT Steel Rods,Grade A,500.0,kg,0.3,20.0,29000.0,30450.0,Delhi,17.2,1.1,75.0,20251.0
Flush Doors,Grade C,50.0,Pieces,0.4,56.3,210000.0,220500.0,Chennai,20.6,1.02,38.0,56210.0
Ceramic Floor Tiles,Grade D,100.0,sq.ft,4.2,36.0,4200.0,4410.0,Mysuru,27.3,0.95,22.0,678.0
Sanitaryware Ceramics,Grade A,50.0,Pieces,0.9,2.2,42500.0,44625.0,Pune,13.2,1.06,75.0,32244.0
Red Bricks,Grade B,100.0,Pieces,1.0,8.8,1100.0,1155.0,Hyderabad,8.7,1.05,55.00000000000001,607.0
Ceramic Floor Tiles,Grade C,800.0,sq.ft,0.7,29.7,33600.0,35280.0,Mysuru,7.8,0.95,38.0,10525.0
Flush Doors,Grade E,2000.0,Pieces,4.8,72.5,8400000.0,8820000.0,Mumbai,38.9,1.18,0.0,0.0
Construction Sand,Grade A,25.0,Tonnes,3.4,14.9,45000.0,47250.0,Hyderabad,39.7,1.05,75.0,33409.0
Red Bricks,Grade B,200.0,Pieces,0.5,17.5,2200.0,2310.0,Mumbai,13.8,1.18,55.00000000000001,1337.0
Electrical Wiring & Panels,Grade B,2000.0,Pieces,4.9,25.4,440000.0,462000.0,Delhi,29.0,1.1,55.00000000000001,230006.0
Electrical Wiring & Panels,Grade A,5000.0,Pieces,1.6,8.6,1100000.0,1155000.0,Mumbai,13.3,1.18,75.0,875879.0
Structural Wood / Timber,Grade C,1200.0,sq.ft,1.3,34.5,156000.0,163800.0,Mumbai,35.1,1.18,38.0,53113.0
Ceramic Floor Tiles,Grade E,250.0,sq.ft,0.7,49.5,10500.0,11025.0,Mumbai,14.4,1.18,0.0,0.0
Structural Wood / Timber,Grade E,500.0,sq.ft,6.1,44.9,65000.0,68250.0,Delhi,45.6,1.1,0.0,0.0
Concrete Rubble,Grade C,40.0,Tonnes,1.4,60.5,48000.0,50400.0,Delhi,23.9,1.1,38.0,13060.0
Concrete Rubble,Grade B,25.0,Tonnes,0.8,3.2,30000.0,31500.0,Pune,26.2,1.06,55.00000000000001,17180.0
Asbestos / Hazardous Sheeting,Grade E,100.0,sq.ft,3.6,69.8,0.0,0.0,Hyderabad,34.5,1.05,0.0,0.0
Red Bricks,Grade C,1000.0,Pieces,0.4,73.8,11000.0,11550.0,Pune,6.5,1.06,38.0,2570.0
Natural Stone Slabs,Grade D,15.0,Tonnes,4.6,68.1,16500.0,17325.0,Bangalore,5.0,1.12,22.0,2485.0
Concrete Rubble,Grade B,15.0,Tonnes,1.0,9.0,18000.0,18900.0,Chennai,24.0,1.02,55.00000000000001,9468.0
Marble Slabs,Grade C,800.0,sq.ft,7.4,53.5,168000.0,176400.0,Chennai,10.1,1.02,38.0,43283.0
Ceramic Floor Tiles,Grade A,500.0,sq.ft,0.5,3.2,21000.0,22050.0,Delhi,37.9,1.1,75.0,16547.0
PVC Pipes,Grade D,200.0,Pieces,2.9,52.7,52000.0,54600.0,Hyderabad,17.0,1.05,22.0,8000.0
Natural Stone Slabs,Grade D,5.0,Tonnes,3.4,64.8,5500.0,5775.0,Pune,45.9,1.06,22.0,815.0
Red Bricks,Grade A,100.0,Pieces,1.9,13.1,1100.0,1155.0,Pune,12.4,1.06,75.0,794.0
PVC Pipes,Grade D,2000.0,Pieces,2.9,37.3,520000.0,546000.0,Chennai,40.4,1.02,22.0,89821.0
Galvanized Iron (GI) Pipes,Grade B,100.0,Pieces,1.8,2.4,55000.0,57750.0,Pune,48.7,1.06,55.00000000000001,31864.0
Corrugated Roofing Sheets,Grade B,100.0,sq.ft,3.0,11.0,6500.0,6825.0,Chennai,14.9,1.02,55.00000000000001,3554.0
Granite Slabs,Grade A,1200.0,sq.ft,1.2,14.7,228000.0,239400.0,Mysuru,20.5,0.95,75.0,146971.0
Window Glass,Grade B,800.0,sq.ft,2.2,15.7,60000.0,63000.0,Pune,44.7,1.06,55.00000000000001,30187.0
Marble Slabs,Grade B,250.0,sq.ft,9.5,22.5,52500.0,55125.0,Mysuru,34.9,0.95,55.00000000000001,23145.0
Red Bricks,Grade B,200.0,Pieces,0.5,14.6,2200.0,2310.0,Mysuru,21.0,0.95,55.00000000000001,1056.0
Galvanized Iron (GI) Pipes,Grade B,500.0,Pieces,2.9,15.9,275000.0,288750.0,Mumbai,12.7,1.18,55.00000000000001,162955.0
Ceramic Floor Tiles,Grade A,1200.0,sq.ft,2.5,15.9,50400.0,52920.0,Mysuru,23.0,0.95,75.0,32257.0
Ceramic Floor Tiles,Grade C,800.0,sq.ft,5.9,41.2,33600.0,35280.0,Chennai,15.2,1.02,38.0,9488.0
Cement Blocks,Grade B,50.0,Pieces,7.7,4.2,2600.0,2730.0,Delhi,6.2,1.1,55.00000000000001,1569.0
Concrete Rubble,Grade A,15.0,Tonnes,3.3,1.1,18000.0,18900.0,Hyderabad,20.3,1.05,75.0,12890.0
Aluminum Windows,Grade B,5000.0,Pieces,5.8,26.2,14000000.0,14700000.0,Chennai,36.0,1.02,55.00000000000001,6607180.0
Cement Blocks,Grade E,2000.0,Pieces,0.5,50.3,104000.0,109200.0,Delhi,39.0,1.1,0.0,0.0
Construction Sand,Grade B,5.0,Tonnes,7.1,24.4,9000.0,9450.0,Mysuru,9.0,0.95,55.00000000000001,3841.0
Granite Slabs,Grade B,500.0,sq.ft,2.5,11.0,95000.0,99750.0,Chennai,42.7,1.02,55.00000000000001,54220.0
Cement Blocks,Grade B,5000.0,Pieces,0.8,16.9,260000.0,273000.0,Hyderabad,29.5,1.05,55.00000000000001,136508.0
Cement Blocks,Grade A,1000.0,Pieces,2.2,4.2,52000.0,54600.0,Mysuru,37.9,0.95,75.0,38945.0
PVC Pipes,Grade A,2000.0,Pieces,3.9,21.2,520000.0,546000.0,Bangalore,10.9,1.12,75.0,375722.0
Granite Slabs,Grade C,800.0,sq.ft,6.5,66.3,152000.0,159600.0,Bangalore,39.0,1.12,38.0,37130.0
Ceramic Floor Tiles,Grade B,100.0,sq.ft,2.2,32.0,4200.0,4410.0,Mysuru,21.3,0.95,55.00000000000001,1811.0
Sanitaryware Ceramics,Grade B,200.0,Pieces,4.5,12.9,170000.0,178500.0,Pune,19.0,1.06,55.00000000000001,90691.0
Cement Blocks,Grade B,2000.0,Pieces,10.9,28.7,104000.0,109200.0,Hyderabad,37.5,1.05,55.00000000000001,48181.0
Marble Slabs,Grade C,100.0,sq.ft,1.2,72.8,21000.0,22050.0,Bangalore,20.4,1.12,38.0,5206.0
Structural Wood / Timber,Grade C,100.0,sq.ft,0.2,61.5,13000.0,13650.0,Hyderabad,37.5,1.05,38.0,3399.0
Ceramic Floor Tiles,Grade B,800.0,sq.ft,3.2,9.2,33600.0,35280.0,Mumbai,36.8,1.18,55.00000000000001,20880.0
Concrete Rubble,Grade A,60.0,Tonnes,3.5,21.9,72000.0,75600.0,Hyderabad,17.0,1.05,75.0,49367.0
Window Glass,Grade A,100.0,sq.ft,0.9,14.8,7500.0,7875.0,Bangalore,37.4,1.12,75.0,5423.0
Flush Doors,Grade B,5000.0,Pieces,0.4,5.1,21000000.0,22050000.0,Chennai,29.9,1.02,55.00000000000001,10892589.0
PVC Pipes,Grade B,50.0,Pieces,0.7,13.6,13000.0,13650.0,Pune,19.3,1.06,55.00000000000001,7187.0
Granite Slabs,Grade B,1200.0,sq.ft,4.0,22.5,228000.0,239400.0,Mysuru,47.3,0.95,55.00000000000001,102349.0
Galvanized Iron (GI) Pipes,Grade C,500.0,Pieces,2.7,65.0,275000.0,288750.0,Delhi,35.4,1.1,38.0,71918.0
Granite Slabs,Grade C,1200.0,sq.ft,2.7,45.2,228000.0,239400.0,Mysuru,48.5,0.95,38.0,57454.0
Asbestos / Hazardous Sheeting,Grade E,500.0,sq.ft,3.2,75.5,0.0,0.0,Mumbai,25.6,1.18,0.0,0.0
Electrical Wiring & Panels,Grade A,50.0,Pieces,4.6,5.4,11000.0,11550.0,Pune,44.1,1.06,75.0,8563.0
Red Bricks,Grade C,500.0,Pieces,3.0,60.5,5500.0,5775.0,Pune,48.9,1.06,38.0,1419.0
Red Bricks,Grade D,5000.0,Pieces,0.3,50.2,55000.0,57750.0,Delhi,42.6,1.1,22.0,9520.0
Natural Stone Slabs,Grade A,60.0,Tonnes,1.4,35.4,66000.0,69300.0,Chennai,17.0,1.02,75.0,40747.0
Ceramic Floor Tiles,Grade C,1200.0,sq.ft,4.7,59.2,50400.0,52920.0,Pune,8.4,1.06,38.0,13100.0
Construction Sand,Grade C,25.0,Tonnes,0.8,49.8,45000.0,47250.0,Mysuru,33.9,0.95,38.0,12198.0
TMT Steel Rods,Grade B,3000.0,kg,5.8,30.8,174000.0,182700.0,Delhi,22.9,1.1,55.00000000000001,86654.0
TMT Steel Rods,Grade D,500.0,kg,1.0,82.4,29000.0,30450.0,Hyderabad,31.2,1.05,22.0,3675.0
Aluminum Windows,Grade E,50.0,Pieces,4.7,55.2,140000.0,147000.0,Delhi,40.2,1.1,0.0,0.0
Corrugated Roofing Sheets,Grade B,100.0,sq.ft,5.2,3.1,6500.0,6825.0,Hyderabad,47.6,1.05,55.00000000000001,3867.0
Construction Sand,Grade A,15.0,Tonnes,0.4,13.2,27000.0,28350.0,Chennai,39.2,1.02,75.0,18901.0
Natural Stone Slabs,Grade A,15.0,Tonnes,8.1,11.2,16500.0,17325.0,Chennai,12.5,1.02,75.0,11104.0
Aluminum Windows,Grade C,500.0,Pieces,12.1,65.8,1400000.0,1470000.0,Bangalore,47.8,1.12,38.0,369092.0
Marble Slabs,Grade B,250.0,sq.ft,12.1,3.3,52500.0,55125.0,Mumbai,49.2,1.18,55.00000000000001,34131.0
Concrete Rubble,Grade C,25.0,Tonnes,2.4,66.0,30000.0,31500.0,Mumbai,16.1,1.18,38.0,8284.0
Red Bricks,Grade B,100.0,Pieces,0.7,26.8,1100.0,1155.0,Bangalore,40.3,1.12,55.00000000000001,589.0
Aluminum Windows,Grade A,200.0,Pieces,1.4,10.6,560000.0,588000.0,Mysuru,45.3,0.95,75.0,373516.0
Window Glass,Grade B,100.0,sq.ft,0.5,22.0,7500.0,7875.0,Delhi,40.4,1.1,55.00000000000001,3833.0
Asbestos / Hazardous Sheeting,Grade E,1200.0,sq.ft,2.7,83.8,0.0,0.0,Hyderabad,48.8,1.05,0.0,0.0
Red Bricks,Grade A,1000.0,Pieces,3.6,14.0,11000.0,11550.0,Mysuru,28.3,0.95,75.0,7028.0
Mixed Demolition Waste,Grade B,10.0,Tonnes,1.9,32.5,4500.0,4725.0,Delhi,14.2,1.1,55.00000000000001,2082.0
Mixed Demolition Waste,Grade B,40.0,Tonnes,0.9,41.2,18000.0,18900.0,Chennai,37.7,1.02,55.00000000000001,7662.0
Flush Doors,Grade C,2000.0,Pieces,6.5,32.7,8400000.0,8820000.0,Mysuru,29.6,0.95,38.0,2673622.0
Ceramic Floor Tiles,Grade A,800.0,sq.ft,0.9,23.8,33600.0,35280.0,Mysuru,48.5,0.95,75.0,20341.0
Ceramic Floor Tiles,Grade C,100.0,sq.ft,4.3,42.4,4200.0,4410.0,Delhi,16.4,1.1,38.0,1277.0
Marble Slabs,Grade D,500.0,sq.ft,1.8,53.8,105000.0,110250.0,Chennai,23.7,1.02,22.0,16958.0
Flush Doors,Grade C,50.0,Pieces,1.1,36.1,210000.0,220500.0,Mumbai,32.1,1.18,38.0,76872.0
Structural Wood / Timber,Grade A,500.0,sq.ft,3.9,7.8,65000.0,68250.0,Bangalore,41.2,1.12,75.0,52979.0
Construction Sand,Grade C,60.0,Tonnes,5.9,60.8,108000.0,113400.0,Pune,20.1,1.06,38.0,28802.0
Construction Sand,Grade B,15.0,Tonnes,1.3,23.4,27000.0,28350.0,Bangalore,42.8,1.12,55.00000000000001,14262.0
TMT Steel Rods,Grade B,3000.0,kg,5.3,11.5,174000.0,182700.0,Hyderabad,48.3,1.05,55.00000000000001,93701.0
Cement Blocks,Grade E,2000.0,Pieces,6.5,53.5,104000.0,109200.0,Mumbai,35.3,1.18,0.0,0.0
Cement Blocks,Grade D,2000.0,Pieces,7.3,73.1,104000.0,109200.0,Pune,22.6,1.06,22.0,13694.0
Structural Wood / Timber,Grade B,100.0,sq.ft,8.4,26.3,13000.0,13650.0,Bangalore,17.9,1.12,55.00000000000001,7234.0
Structural Wood / Timber,Grade A,500.0,sq.ft,1.6,6.2,65000.0,68250.0,Chennai,40.3,1.02,75.0,50071.0
Asbestos / Hazardous Sheeting,Grade E,250.0,sq.ft,1.4,65.6,0.0,0.0,Hyderabad,10.1,1.05,0.0,0.0
Asbestos / Hazardous Sheeting,Grade E,500.0,sq.ft,0.9,52.1,0.0,0.0,Bangalore,17.1,1.12,0.0,0.0
Flush Doors,Grade C,500.0,Pieces,3.0,58.2,2100000.0,2205000.0,Mysuru,9.1,0.95,38.0,533745.0
Cement Blocks,Grade B,500.0,Pieces,3.6,35.2,26000.0,27300.0,Mumbai,5.1,1.18,55.00000000000001,13803.0
TMT Steel Rods,Grade D,1500.0,kg,2.0,37.3,87000.0,91350.0,Mysuru,36.6,0.95,22.0,13626.0
Granite Slabs,Grade B,250.0,sq.ft,1.1,31.7,47500.0,49875.0,Pune,38.3,1.06,55.00000000000001,22872.0
Ceramic Floor Tiles,Grade E,100.0,sq.ft,2.3,34.5,4200.0,4410.0,Bangalore,24.5,1.12,0.0,0.0
Galvanized Iron (GI) Pipes,Grade B,5000.0,Pieces,2.9,7.3,2750000.0,2887500.0,Mumbai,14.0,1.18,55.00000000000001,1753660.0
Construction Sand,Grade C,10.0,Tonnes,0.3,81.2,18000.0,18900.0,Pune,21.7,1.06,38.0,3832.0
Mixed Demolition Waste,Grade B,60.0,Tonnes,2.6,7.9,27000.0,28350.0,Pune,18.1,1.06,55.00000000000001,15404.0
Natural Stone Slabs,Grade B,40.0,Tonnes,0.9,7.2,44000.0,46200.0,Bangalore,35.0,1.12,55.00000000000001,25694.0
Aluminum Windows,Grade B,100.0,Pieces,1.9,25.3,280000.0,294000.0,Chennai,27.5,1.02,55.00000000000001,134217.0
Aluminum Windows,Grade B,5000.0,Pieces,1.3,9.9,14000000.0,14700000.0,Hyderabad,17.6,1.05,55.00000000000001,7829028.0
Marble Slabs,Grade B,500.0,sq.ft,0.8,13.7,105000.0,110250.0,Bangalore,41.3,1.12,55.00000000000001,59755.0
Red Bricks,Grade B,50.0,Pieces,2.0,3.4,550.0,577.5,Delhi,42.3,1.1,55.00000000000001,334.0
Structural Wood / Timber,Grade B,500.0,sq.ft,1.6,14.5,65000.0,68250.0,Mysuru,42.3,0.95,55.00000000000001,29653.0
Window Glass,Grade A,100.0,sq.ft,4.9,9.7,7500.0,7875.0,Chennai,12.2,1.02,75.0,5190.0
Natural Stone Slabs,Grade B,60.0,Tonnes,1.9,20.1,66000.0,69300.0,Pune,12.3,1.06,55.00000000000001,35354.0
Red Bricks,Grade B,500.0,Pieces,0.7,11.4,5500.0,5775.0,Chennai,10.3,1.02,55.00000000000001,2797.0
Window Glass,Grade A,100.0,sq.ft,1.1,6.3,7500.0,7875.0,Chennai,23.7,1.02,75.0,5864.0
Red Bricks,Grade B,50.0,Pieces,1.8,7.4,550.0,577.5,Mysuru,33.4,0.95,55.00000000000001,263.0
Granite Slabs,Grade B,100.0,sq.ft,1.4,23.2,19000.0,19950.0,Hyderabad,35.6,1.05,55.00000000000001,9691.0
Granite Slabs,Grade E,800.0,sq.ft,0.3,85.4,152000.0,159600.0,Bangalore,44.7,1.12,0.0,0.0
Red Bricks,Grade B,200.0,Pieces,5.8,19.1,2200.0,2310.0,Chennai,41.9,1.02,55.00000000000001,1065.0
Galvanized Iron (GI) Pipes,Grade D,100.0,Pieces,0.2,83.6,55000.0,57750.0,Mumbai,8.0,1.18,22.0,7038.0
PVC Pipes,Grade E,500.0,Pieces,2.6,59.9,130000.0,136500.0,Delhi,49.9,1.1,0.0,0.0
Flush Doors,Grade B,500.0,Pieces,0.4,14.4,2100000.0,2205000.0,Mumbai,37.5,1.18,55.00000000000001,1309365.0
Aluminum Windows,Grade C,100.0,Pieces,1.6,68.8,280000.0,294000.0,Bangalore,40.2,1.12,38.0,68355.0
Corrugated Roofing Sheets,Grade B,1200.0,sq.ft,4.5,5.2,78000.0,81900.0,Mysuru,12.1,0.95,55.00000000000001,40493.0
TMT Steel Rods,Grade D,1000.0,kg,3.2,20.1,58000.0,60900.0,Hyderabad,13.3,1.05,22.0,11679.0
Corrugated Roofing Sheets,Grade A,250.0,sq.ft,6.3,19.2,16250.0,17062.5,Chennai,22.2,1.02,75.0,11224.0
Granite Slabs,Grade B,800.0,sq.ft,2.5,31.2,152000.0,159600.0,Chennai,25.8,1.02,55.00000000000001,71344.0
Natural Stone Slabs,Grade A,10.0,Tonnes,5.4,9.2,11000.0,11550.0,Delhi,36.5,1.1,75.0,8228.0
Red Bricks,Grade B,2000.0,Pieces,0.3,30.9,22000.0,23100.0,Chennai,24.3,1.02,55.00000000000001,10081.0
Window Glass,Grade E,500.0,sq.ft,0.5,34.0,37500.0,39375.0,Chennai,50.0,1.02,0.0,0.0
Aluminum Windows,Grade D,200.0,Pieces,5.1,53.9,560000.0,588000.0,Mumbai,23.3,1.18,22.0,94302.0
Construction Sand,Grade B,40.0,Tonnes,2.7,24.3,72000.0,75600.0,Mysuru,33.7,0.95,55.00000000000001,33478.0
Mixed Demolition Waste,Grade B,10.0,Tonnes,0.6,19.6,4500.0,4725.0,Mysuru,20.4,0.95,55.00000000000001,1953.0
Mixed Demolition Waste,Grade B,15.0,Tonnes,3.3,13.6,6750.0,7087.5,Mysuru,42.5,0.95,55.00000000000001,3446.0
Sanitaryware Ceramics,Grade A,100.0,Pieces,0.7,33.0,85000.0,89250.0,Mumbai,30.0,1.18,75.0,62141.0
Red Bricks,Grade A,100.0,Pieces,0.3,17.6,1100.0,1155.0,Delhi,40.1,1.1,75.0,809.0
Aluminum Windows,Grade B,100.0,Pieces,3.7,14.3,280000.0,294000.0,Chennai,30.8,1.02,55.00000000000001,145822.0
Aluminum Windows,Grade B,500.0,Pieces,0.4,18.7,1400000.0,1470000.0,Mumbai,16.1,1.18,55.00000000000001,801847.0
Natural Stone Slabs,Grade C,15.0,Tonnes,2.3,77.0,16500.0,17325.0,Pune,6.4,1.06,38.0,3612.0
PVC Pipes,Grade D,200.0,Pieces,0.4,64.6,52000.0,54600.0,Hyderabad,29.8,1.05,22.0,7447.0
Concrete Rubble,Grade A,40.0,Tonnes,0.8,10.2,48000.0,50400.0,Delhi,28.8,1.1,75.0,36565.0
PVC Pipes,Grade A,100.0,Pieces,5.5,19.6,26000.0,27300.0,Delhi,41.4,1.1,75.0,18168.0
Sanitaryware Ceramics,Grade B,2000.0,Pieces,13.2,12.8,1700000.0,1785000.0,Pune,41.2,1.06,55.00000000000001,923636.0
PVC Pipes,Grade B,100.0,Pieces,0.2,7.7,26000.0,27300.0,Mumbai,42.0,1.18,55.00000000000001,16761.0
Flush Doors,Grade B,5000.0,Pieces,2.0,12.7,21000000.0,22050000.0,Mysuru,14.0,0.95,55.00000000000001,10751396.0
PVC Pipes,Grade B,500.0,Pieces,2.4,15.1,130000.0,136500.0,Mumbai,21.3,1.18,55.00000000000001,82730.0
Cement Blocks,Grade C,500.0,Pieces,3.8,65.3,26000.0,27300.0,Pune,27.0,1.06,38.0,6712.0
TMT Steel Rods,Grade E,1000.0,kg,4.3,61.0,58000.0,60900.0,Bangalore,14.8,1.12,0.0,0.0
Ceramic Floor Tiles,Grade E,100.0,sq.ft,0.7,65.8,4200.0,4410.0,Chennai,37.8,1.02,0.0,0.0
Structural Wood / Timber,Grade A,800.0,sq.ft,0.3,29.5,104000.0,109200.0,Bangalore,5.0,1.12,75.0,72749.0
Asbestos / Hazardous Sheeting,Grade E,250.0,sq.ft,4.4,86.8,0.0,0.0,Delhi,15.7,1.1,0.0,0.0
Corrugated Roofing Sheets,Grade D,250.0,sq.ft,1.0,48.0,16250.0,17062.5,Mumbai,39.2,1.18,22.0,3230.0
Corrugated Roofing Sheets,Grade C,100.0,sq.ft,3.9,46.8,6500.0,6825.0,Hyderabad,28.0,1.05,38.0,1921.0
Asbestos / Hazardous Sheeting,Grade E,100.0,sq.ft,7.4,23.2,0.0,0.0,Pune,43.4,1.06,0.0,0.0
Marble Slabs,Grade A,250.0,sq.ft,2.1,21.3,52500.0,55125.0,Pune,22.6,1.06,75.0,37110.0
Aluminum Windows,Grade B,2000.0,Pieces,4.6,31.1,5600000.0,5880000.0,Pune,21.5,1.06,55.00000000000001,2774761.0
Mixed Demolition Waste,Grade B,15.0,Tonnes,1.2,13.5,6750.0,7087.5,Bangalore,33.7,1.12,55.00000000000001,3633.0
Granite Slabs,Grade C,100.0,sq.ft,1.3,53.1,19000.0,19950.0,Chennai,17.7,1.02,38.0,5217.0
Natural Stone Slabs,Grade C,5.0,Tonnes,1.4,85.5,5500.0,5775.0,Delhi,47.1,1.1,38.0,1102.0
PVC Pipes,Grade D,50.0,Pieces,8.1,79.3,13000.0,13650.0,Mysuru,46.1,0.95,22.0,1349.0
Mixed Demolition Waste,Grade D,25.0,Tonnes,0.6,71.6,11250.0,11812.5,Hyderabad,23.5,1.05,22.0,1570.0
Concrete Rubble,Grade D,5.0,Tonnes,7.0,49.8,6000.0,6300.0,Mysuru,37.8,0.95,22.0,884.0
Asbestos / Hazardous Sheeting,Grade E,250.0,sq.ft,5.4,79.5,0.0,0.0,Bangalore,18.5,1.12,0.0,0.0
Asbestos / Hazardous Sheeting,Grade E,800.0,sq.ft,1.9,68.3,0.0,0.0,Pune,31.2,1.06,0.0,0.0
PVC Pipes,Grade B,1000.0,Pieces,8.8,13.7,260000.0,273000.0,Bangalore,25.9,1.12,55.00000000000001,142788.0
Corrugated Roofing Sheets,Grade B,800.0,sq.ft,0.4,25.5,52000.0,54600.0,Hyderabad,15.0,1.05,55.00000000000001,25734.0
PVC Pipes,Grade B,5000.0,Pieces,1.0,24.0,1300000.0,1365000.0,Hyderabad,7.4,1.05,55.00000000000001,662108.0
Electrical Wiring & Panels,Grade B,1000.0,Pieces,1.0,3.8,220000.0,231000.0,Chennai,38.5,1.02,55.00000000000001,118250.0
Granite Slabs,Grade B,1200.0,sq.ft,0.7,15.8,228000.0,239400.0,Mysuru,30.9,0.95,55.00000000000001,106805.0
Corrugated Roofing Sheets,Grade B,250.0,sq.ft,0.9,19.0,16250.0,17062.5,Hyderabad,23.3,1.05,55.00000000000001,8465.0
Sanitaryware Ceramics,Grade B,200.0,Pieces,4.0,11.6,170000.0,178500.0,Bangalore,7.0,1.12,55.00000000000001,96626.0
Cement Blocks,Grade A,1000.0,Pieces,1.0,18.5,52000.0,54600.0,Mumbai,21.8,1.18,75.0,40150.0
TMT Steel Rods,Grade B,1500.0,kg,2.5,17.1,87000.0,91350.0,Mysuru,45.8,0.95,55.00000000000001,39256.0
TMT Steel Rods,Grade B,200.0,kg,2.4,10.0,11600.0,12180.0,Delhi,19.1,1.1,55.00000000000001,6002.0
Marble Slabs,Grade B,1200.0,sq.ft,1.3,12.3,252000.0,264600.0,Mysuru,34.6,0.95,55.00000000000001,128534.0
Ceramic Floor Tiles,Grade D,250.0,sq.ft,1.9,71.0,10500.0,11025.0,Hyderabad,28.1,1.05,22.0,1430.0
Marble Slabs,Grade D,500.0,sq.ft,1.2,19.3,105000.0,110250.0,Pune,47.6,1.06,22.0,21051.0
Asbestos / Hazardous Sheeting,Grade E,100.0,sq.ft,4.8,67.5,0.0,0.0,Chennai,18.7,1.02,0.0,0.0
Asbestos / Hazardous Sheeting,Grade E,250.0,sq.ft,1.8,73.4,0.0,0.0,Pune,8.8,1.06,0.0,0.0
Galvanized Iron (GI) Pipes,Grade A,1000.0,Pieces,3.0,14.6,550000.0,577500.0,Mumbai,18.7,1.18,75.0,428036.0
Concrete Rubble,Grade D,15.0,Tonnes,8.0,53.0,18000.0,18900.0,Mysuru,31.2,0.95,22.0,2563.0
Ceramic Floor Tiles,Grade C,250.0,sq.ft,1.3,70.1,10500.0,11025.0,Mumbai,7.8,1.18,38.0,2993.0
PVC Pipes,Grade D,5000.0,Pieces,2.4,74.2,1300000.0,1365000.0,Pune,15.1,1.06,22.0,162577.0
TMT Steel Rods,Grade C,3000.0,kg,0.5,30.3,174000.0,182700.0,Hyderabad,44.2,1.05,38.0,58632.0
Construction Sand,Grade B,40.0,Tonnes,2.6,29.0,72000.0,75600.0,Chennai,11.7,1.02,55.00000000000001,32086.0
Ceramic Floor Tiles,Grade B,250.0,sq.ft,1.8,11.7,10500.0,11025.0,Mysuru,13.7,0.95,55.00000000000001,4832.0
Asbestos / Hazardous Sheeting,Grade E,100.0,sq.ft,1.3,64.7,0.0,0.0,Delhi,11.3,1.1,0.0,0.0
TMT Steel Rods,Grade A,500.0,kg,0.7,5.6,29000.0,30450.0,Hyderabad,6.4,1.05,75.0,22287.0
TMT Steel Rods,Grade E,200.0,kg,1.5,83.5,11600.0,12180.0,Chennai,27.5,1.02,0.0,0.0
Marble Slabs,Grade A,250.0,sq.ft,1.9,11.9,52500.0,55125.0,Hyderabad,16.4,1.05,75.0,37062.0
Red Bricks,Grade C,100.0,Pieces,4.5,8.0,1100.0,1155.0,Hyderabad,45.0,1.05,38.0,425.0
Concrete Rubble,Grade C,25.0,Tonnes,2.8,49.6,30000.0,31500.0,Mysuru,47.4,0.95,38.0,7960.0
Flush Doors,Grade B,100.0,Pieces,0.6,8.5,420000.0,441000.0,Chennai,23.5,1.02,55.00000000000001,234780.0
Galvanized Iron (GI) Pipes,Grade B,200.0,Pieces,3.1,17.5,110000.0,115500.0,Bangalore,29.7,1.12,55.00000000000001,59321.0
Natural Stone Slabs,Grade B,60.0,Tonnes,6.8,8.5,66000.0,69300.0,Pune,42.8,1.06,55.00000000000001,40705.0
Natural Stone Slabs,Grade C,40.0,Tonnes,1.8,75.4,44000.0,46200.0,Mysuru,45.5,0.95,38.0,8920.0
TMT Steel Rods,Grade B,1000.0,kg,1.3,32.0,58000.0,60900.0,Chennai,31.7,1.02,55.00000000000001,25542.0
Natural Stone Slabs,Grade C,5.0,Tonnes,3.5,24.6,5500.0,5775.0,Bangalore,25.7,1.12,38.0,1835.0
Asbestos / Hazardous Sheeting,Grade E,1200.0,sq.ft,4.1,74.8,0.0,0.0,Pune,48.1,1.06,0.0,0.0
Cement Blocks,Grade D,50.0,Pieces,0.5,20.3,2600.0,2730.0,Hyderabad,22.5,1.05,22.0,504.0
Aluminum Windows,Grade C,5000.0,Pieces,2.0,42.8,14000000.0,14700000.0,Chennai,19.3,1.02,38.0,4087429.0
Concrete Rubble,Grade C,25.0,Tonnes,2.9,29.6,30000.0,31500.0,Chennai,36.2,1.02,38.0,9959.0
TMT Steel Rods,Grade B,1000.0,kg,4.1,26.5,58000.0,60900.0,Mumbai,13.8,1.18,55.00000000000001,29456.0
Asbestos / Hazardous Sheeting,Grade E,500.0,sq.ft,2.4,68.9,0.0,0.0,Mysuru,42.5,0.95,0.0,0.0
Natural Stone Slabs,Grade A,60.0,Tonnes,5.3,10.9,66000.0,69300.0,Mysuru,34.4,0.95,75.0,43915.0
Red Bricks,Grade E,1000.0,Pieces,0.6,61.0,11000.0,11550.0,Mumbai,5.9,1.18,0.0,0.0
Asbestos / Hazardous Sheeting,Grade E,100.0,sq.ft,3.2,77.3,0.0,0.0,Chennai,16.3,1.02,0.0,0.0
Sanitaryware Ceramics,Grade B,200.0,Pieces,1.5,9.2,170000.0,178500.0,Pune,34.6,1.06,55.00000000000001,89319.0
Construction Sand,Grade B,60.0,Tonnes,1.8,5.0,108000.0,113400.0,Bangalore,25.5,1.12,55.00000000000001,69574.0
Flush Doors,Grade C,2000.0,Pieces,9.5,77.8,8400000.0,8820000.0,Bangalore,44.1,1.12,38.0,1842270.0
Concrete Rubble,Grade A,15.0,Tonnes,0.9,5.4,18000.0,18900.0,Delhi,10.2,1.1,75.0,15053.0
Mixed Demolition Waste,Grade B,15.0,Tonnes,0.4,22.8,6750.0,7087.5,Delhi,11.8,1.1,55.00000000000001,3803.0
Granite Slabs,Grade B,250.0,sq.ft,4.4,2.2,47500.0,49875.0,Chennai,18.8,1.02,55.00000000000001,25870.0
Window Glass,Grade C,500.0,sq.ft,6.4,68.9,37500.0,39375.0,Pune,20.4,1.06,38.0,9586.0
Electrical Wiring & Panels,Grade C,100.0,Pieces,2.7,85.5,22000.0,23100.0,Bangalore,32.0,1.12,38.0,4517.0
Structural Wood / Timber,Grade D,1200.0,sq.ft,0.3,64.7,156000.0,163800.0,Delhi,8.1,1.1,22.0,24213.0
Concrete Rubble,Grade C,25.0,Tonnes,2.1,59.2,30000.0,31500.0,Chennai,23.7,1.02,38.0,7493.0
Corrugated Roofing Sheets,Grade C,1200.0,sq.ft,3.0,80.5,78000.0,81900.0,Hyderabad,5.6,1.05,38.0,16175.0
Cement Blocks,Grade A,200.0,Pieces,1.0,2.1,10400.0,10920.0,Delhi,22.2,1.1,75.0,8405.0
TMT Steel Rods,Grade A,3000.0,kg,0.4,12.6,174000.0,182700.0,Mumbai,10.1,1.18,75.0,143356.0
Window Glass,Grade A,100.0,sq.ft,5.4,12.0,7500.0,7875.0,Chennai,8.5,1.02,75.0,5305.0
Natural Stone Slabs,Grade B,60.0,Tonnes,0.7,10.4,66000.0,69300.0,Bangalore,22.2,1.12,55.00000000000001,39524.0
Natural Stone Slabs,Grade B,25.0,Tonnes,0.2,18.2,27500.0,28875.0,Mumbai,31.1,1.18,55.00000000000001,16235.0
Window Glass,Grade B,1200.0,sq.ft,0.8,25.0,90000.0,94500.0,Hyderabad,26.4,1.05,55.00000000000001,45075.0
Electrical Wiring & Panels,Grade A,2000.0,Pieces,3.2,22.1,440000.0,462000.0,Mysuru,42.4,0.95,75.0,266472.0
Mixed Demolition Waste,Grade C,15.0,Tonnes,0.8,26.9,6750.0,7087.5,Chennai,21.7,1.02,38.0,2117.0
Asbestos / Hazardous Sheeting,Grade E,800.0,sq.ft,0.8,27.9,0.0,0.0,Hyderabad,49.8,1.05,0.0,0.0
Corrugated Roofing Sheets,Grade A,500.0,sq.ft,4.1,13.6,32500.0,34125.0,Delhi,35.1,1.1,75.0,24443.0
Aluminum Windows,Grade C,200.0,Pieces,8.6,59.8,560000.0,588000.0,Chennai,30.7,1.02,38.0,142956.0
PVC Pipes,Grade B,5000.0,Pieces,4.7,6.4,1300000.0,1365000.0,Pune,13.8,1.06,55.00000000000001,697389.0
PVC Pipes,Grade B,100.0,Pieces,1.9,22.9,26000.0,27300.0,Hyderabad,18.0,1.05,55.00000000000001,12951.0
Ceramic Floor Tiles,Grade A,250.0,sq.ft,2.8,14.3,10500.0,11025.0,Mumbai,37.1,1.18,75.0,8054.0
Asbestos / Hazardous Sheeting,Grade E,500.0,sq.ft,0.6,82.4,0.0,0.0,Hyderabad,31.5,1.05,0.0,0.0
Mixed Demolition Waste,Grade B,10.0,Tonnes,7.5,6.0,4500.0,4725.0,Chennai,18.8,1.02,55.00000000000001,2357.0
Corrugated Roofing Sheets,Grade B,100.0,sq.ft,0.4,10.7,6500.0,6825.0,Mysuru,14.6,0.95,55.00000000000001,3087.0
Galvanized Iron (GI) Pipes,Grade B,100.0,Pieces,3.3,4.4,55000.0,57750.0,Delhi,44.9,1.1,55.00000000000001,33692.0
Corrugated Roofing Sheets,Grade A,100.0,sq.ft,4.0,24.2,6500.0,6825.0,Hyderabad,11.2,1.05,75.0,4058.0
Galvanized Iron (GI) Pipes,Grade C,1000.0,Pieces,3.6,31.1,550000.0,577500.0,Mysuru,18.7,0.95,38.0,164605.0
Mixed Demolition Waste,Grade D,40.0,Tonnes,3.7,54.6,18000.0,18900.0,Pune,24.3,1.06,22.0,2979.0
Cement Blocks,Grade B,2000.0,Pieces,0.9,32.7,104000.0,109200.0,Mysuru,13.9,0.95,55.00000000000001,46586.0
Marble Slabs,Grade C,800.0,sq.ft,1.6,62.1,168000.0,176400.0,Bangalore,22.0,1.12,38.0,43968.0
Construction Sand,Grade B,40.0,Tonnes,1.1,12.9,72000.0,75600.0,Mumbai,44.2,1.18,55.00000000000001,43478.0
Flush Doors,Grade C,5000.0,Pieces,7.5,60.0,21000000.0,22050000.0,Bangalore,10.4,1.12,38.0,5946547.0
Ceramic Floor Tiles,Grade A,800.0,sq.ft,9.3,6.8,33600.0,35280.0,Mumbai,18.0,1.18,75.0,29407.0
Window Glass,Grade A,1200.0,sq.ft,2.9,22.1,90000.0,94500.0,Bangalore,7.4,1.12,75.0,65041.0
Ceramic Floor Tiles,Grade A,100.0,sq.ft,0.8,41.6,4200.0,4410.0,Pune,18.9,1.06,75.0,2527.0
Granite Slabs,Grade B,250.0,sq.ft,12.1,11.1,47500.0,49875.0,Hyderabad,23.4,1.05,55.00000000000001,24794.0
Natural Stone Slabs,Grade B,40.0,Tonnes,10.0,17.3,44000.0,46200.0,Pune,18.4,1.06,55.00000000000001,22507.0
Asbestos / Hazardous Sheeting,Grade E,250.0,sq.ft,1.0,70.4,0.0,0.0,Bangalore,24.8,1.12,0.0,0.0
Ceramic Floor Tiles,Grade A,1200.0,sq.ft,1.1,21.3,50400.0,52920.0,Mumbai,23.5,1.18,75.0,39575.0
Aluminum Windows,Grade B,50.0,Pieces,0.3,16.9,140000.0,147000.0,Mysuru,24.6,0.95,55.00000000000001,67826.0
Asbestos / Hazardous Sheeting,Grade E,800.0,sq.ft,0.4,78.0,0.0,0.0,Mumbai,28.1,1.18,0.0,0.0
Ceramic Floor Tiles,Grade C,250.0,sq.ft,4.1,71.8,10500.0,11025.0,Bangalore,8.3,1.12,38.0,2525.0
Red Bricks,Grade C,100.0,Pieces,4.4,78.0,1100.0,1155.0,Bangalore,25.3,1.12,38.0,258.0
Flush Doors,Grade D,100.0,Pieces,6.2,73.4,420000.0,441000.0,Mysuru,49.4,0.95,22.0,52077.0
PVC Pipes,Grade B,500.0,Pieces,2.5,22.1,130000.0,136500.0,Mysuru,47.9,0.95,55.00000000000001,59191.0
Window Glass,Grade A,1200.0,sq.ft,0.4,10.1,90000.0,94500.0,Pune,38.2,1.06,75.0,61829.0
Flush Doors,Grade A,200.0,Pieces,1.4,35.2,840000.0,882000.0,Pune,33.6,1.06,75.0,530576.0
Structural Wood / Timber,Grade A,800.0,sq.ft,1.1,25.9,104000.0,109200.0,Bangalore,39.6,1.12,75.0,73074.0
Flush Doors,Grade B,2000.0,Pieces,5.3,13.3,8400000.0,8820000.0,Bangalore,47.9,1.12,55.00000000000001,4696997.0
Mixed Demolition Waste,Grade C,60.0,Tonnes,1.3,66.6,27000.0,28350.0,Mysuru,10.3,0.95,38.0,6042.0
Ceramic Floor Tiles,Grade C,100.0,sq.ft,1.8,59.7,4200.0,4410.0,Chennai,36.8,1.02,38.0,1099.0
Marble Slabs,Grade E,100.0,sq.ft,2.1,52.7,21000.0,22050.0,Pune,47.2,1.06,0.0,0.0
Window Glass,Grade D,250.0,sq.ft,5.2,67.9,18750.0,19687.5,Pune,11.7,1.06,22.0,2719.0
Granite Slabs,Grade B,500.0,sq.ft,1.0,13.3,95000.0,99750.0,Mumbai,37.1,1.18,55.00000000000001,60534.0
Natural Stone Slabs,Grade B,5.0,Tonnes,0.8,35.9,5500.0,5775.0,Mysuru,43.4,0.95,55.00000000000001,2179.0
Ceramic Floor Tiles,Grade A,100.0,sq.ft,1.3,36.0,4200.0,4410.0,Chennai,10.0,1.02,75.0,2514.0
Sanitaryware Ceramics,Grade E,100.0,Pieces,4.3,68.8,85000.0,89250.0,Mysuru,37.8,0.95,0.0,0.0
Granite Slabs,Grade B,800.0,sq.ft,0.6,1.5,152000.0,159600.0,Bangalore,7.2,1.12,55.00000000000001,93029.0
Construction Sand,Grade B,25.0,Tonnes,1.0,17.5,45000.0,47250.0,Delhi,33.1,1.1,55.00000000000001,23943.0
Red Bricks,Grade D,100.0,Pieces,1.3,50.8,1100.0,1155.0,Bangalore,21.3,1.12,22.0,181.0
Asbestos / Hazardous Sheeting,Grade E,100.0,sq.ft,8.7,64.6,0.0,0.0,Delhi,7.3,1.1,0.0,0.0
PVC Pipes,Grade C,2000.0,Pieces,3.1,70.7,520000.0,546000.0,Delhi,18.1,1.1,38.0,128445.0
Corrugated Roofing Sheets,Grade B,1200.0,sq.ft,10.5,25.9,78000.0,81900.0,Mumbai,32.8,1.18,55.00000000000001,44710.0
Marble Slabs,Grade A,250.0,sq.ft,0.3,35.1,52500.0,55125.0,Mysuru,11.9,0.95,75.0,27658.0
Natural Stone Slabs,Grade B,60.0,Tonnes,3.8,9.3,66000.0,69300.0,Delhi,8.1,1.1,55.00000000000001,39222.0
Mixed Demolition Waste,Grade A,15.0,Tonnes,1.4,10.7,6750.0,7087.5,Mumbai,17.3,1.18,75.0,5558.0
Cement Blocks,Grade A,2000.0,Pieces,4.9,31.3,104000.0,109200.0,Pune,43.6,1.06,75.0,65187.0
Natural Stone Slabs,Grade B,15.0,Tonnes,8.2,36.8,16500.0,17325.0,Mysuru,26.7,0.95,55.00000000000001,6815.0
Window Glass,Grade B,800.0,sq.ft,3.9,19.2,60000.0,63000.0,Hyderabad,39.3,1.05,55.00000000000001,29095.0
Mixed Demolition Waste,Grade B,10.0,Tonnes,3.0,35.9,4500.0,4725.0,Bangalore,41.6,1.12,55.00000000000001,2206.0
Marble Slabs,Grade A,800.0,sq.ft,1.7,26.3,168000.0,176400.0,Hyderabad,20.6,1.05,75.0,102219.0
Ceramic Floor Tiles,Grade C,250.0,sq.ft,2.1,39.2,10500.0,11025.0,Hyderabad,35.3,1.05,38.0,3250.0
Ceramic Floor Tiles,Grade B,800.0,sq.ft,2.0,30.2,33600.0,35280.0,Chennai,15.8,1.02,55.00000000000001,15448.0
Asbestos / Hazardous Sheeting,Grade E,100.0,sq.ft,0.4,27.0,0.0,0.0,Mysuru,22.7,0.95,0.0,0.0
Asbestos / Hazardous Sheeting,Grade E,800.0,sq.ft,6.1,83.8,0.0,0.0,Mumbai,15.4,1.18,0.0,0.0
Red Bricks,Grade B,2000.0,Pieces,1.2,34.2,22000.0,23100.0,Bangalore,12.6,1.12,55.00000000000001,9548.0
Electrical Wiring & Panels,Grade D,200.0,Pieces,0.6,79.9,44000.0,46200.0,Hyderabad,20.4,1.05,22.0,5332.0
Electrical Wiring & Panels,Grade D,100.0,Pieces,10.1,79.0,22000.0,23100.0,Delhi,43.3,1.1,22.0,2821.0
Electrical Wiring & Panels,Grade A,1000.0,Pieces,4.6,26.2,220000.0,231000.0,Chennai,17.2,1.02,75.0,146813.0
Window Glass,Grade C,250.0,sq.ft,1.3,59.4,18750.0,19687.5,Mumbai,47.5,1.18,38.0,5762.0
Marble Slabs,Grade B,800.0,sq.ft,12.7,13.9,168000.0,176400.0,Bangalore,42.7,1.12,55.00000000000001,92631.0
Electrical Wiring & Panels,Grade B,500.0,Pieces,1.3,45.7,110000.0,115500.0,Hyderabad,42.3,1.05,55.00000000000001,46367.0
Structural Wood / Timber,Grade E,800.0,sq.ft,4.4,57.4,104000.0,109200.0,Mysuru,33.3,0.95,0.0,0.0
Structural Wood / Timber,Grade D,250.0,sq.ft,0.3,62.2,32500.0,34125.0,Mysuru,18.7,0.95,22.0,3981.0
TMT Steel Rods,Grade D,500.0,kg,11.5,76.9,29000.0,30450.0,Delhi,38.3,1.1,22.0,4091.0
Concrete Rubble,Grade C,25.0,Tonnes,2.2,76.9,30000.0,31500.0,Delhi,18.5,1.1,38.0,6484.0
Flush Doors,Grade B,5000.0,Pieces,0.6,26.5,21000000.0,22050000.0,Mysuru,23.9,0.95,55.00000000000001,8956499.0
Window Glass,Grade B,500.0,sq.ft,3.7,31.4,37500.0,39375.0,Bangalore,28.2,1.12,55.00000000000001,18457.0
Granite Slabs,Grade C,800.0,sq.ft,5.0,44.2,152000.0,159600.0,Bangalore,39.1,1.12,38.0,49039.0
Sanitaryware Ceramics,Grade B,2000.0,Pieces,0.6,16.1,1700000.0,1785000.0,Bangalore,30.1,1.12,55.00000000000001,960391.0
Construction Sand,Grade C,60.0,Tonnes,1.7,71.7,108000.0,113400.0,Hyderabad,10.8,1.05,38.0,25523.0
Corrugated Roofing Sheets,Grade A,250.0,sq.ft,0.7,10.4,16250.0,17062.5,Bangalore,19.8,1.12,75.0,13050.0
Window Glass,Grade D,100.0,sq.ft,1.1,81.6,7500.0,7875.0,Mysuru,17.7,0.95,22.0,797.0
PVC Pipes,Grade B,200.0,Pieces,1.2,6.2,52000.0,54600.0,Pune,29.1,1.06,55.00000000000001,28146.0
Electrical Wiring & Panels,Grade B,2000.0,Pieces,7.4,9.2,440000.0,462000.0,Chennai,27.9,1.02,55.00000000000001,216967.0
Structural Wood / Timber,Grade A,250.0,sq.ft,1.4,10.3,32500.0,34125.0,Mysuru,31.0,0.95,75.0,22471.0
Galvanized Iron (GI) Pipes,Grade B,1000.0,Pieces,1.9,3.4,550000.0,577500.0,Bangalore,26.3,1.12,55.00000000000001,321617.0
Corrugated Roofing Sheets,Grade B,800.0,sq.ft,0.2,31.9,52000.0,54600.0,Bangalore,38.7,1.12,55.00000000000001,25927.0
Structural Wood / Timber,Grade E,100.0,sq.ft,9.6,70.1,13000.0,13650.0,Hyderabad,43.4,1.05,0.0,0.0
Galvanized Iron (GI) Pipes,Grade B,200.0,Pieces,1.3,20.7,110000.0,115500.0,Chennai,12.7,1.02,55.00000000000001,54880.0
Granite Slabs,Grade D,1200.0,sq.ft,1.0,63.9,228000.0,239400.0,Delhi,41.4,1.1,22.0,32988.0
Red Bricks,Grade A,100.0,Pieces,0.2,7.7,1100.0,1155.0,Mumbai,34.4,1.18,75.0,915.0
PVC Pipes,Grade B,50.0,Pieces,3.4,23.2,13000.0,13650.0,Chennai,16.0,1.02,55.00000000000001,6125.0
Mixed Demolition Waste,Grade E,10.0,Tonnes,2.4,63.1,4500.0,4725.0,Hyderabad,28.7,1.05,0.0,0.0
Asbestos / Hazardous Sheeting,Grade E,800.0,sq.ft,0.4,84.9,0.0,0.0,Hyderabad,47.7,1.05,0.0,0.0
Electrical Wiring & Panels,Grade A,50.0,Pieces,4.5,28.9,11000.0,11550.0,Chennai,15.9,1.02,75.0,7278.0
Window Glass,Grade C,250.0,sq.ft,2.2,78.0,18750.0,19687.5,Chennai,23.8,1.02,38.0,3630.0
Cement Blocks,Grade D,5000.0,Pieces,9.4,85.1,260000.0,273000.0,Chennai,37.2,1.02,22.0,29592.0
Flush Doors,Grade A,2000.0,Pieces,1.6,11.7,8400000.0,8820000.0,Hyderabad,21.1,1.05,75.0,6330706.0
Electrical Wiring & Panels,Grade B,200.0,Pieces,6.1,8.5,44000.0,46200.0,Hyderabad,33.6,1.05,55.00000000000001,23518.0
Construction Sand,Grade A,5.0,Tonnes,1.2,8.0,9000.0,9450.0,Mumbai,9.7,1.18,75.0,7915.0
Corrugated Roofing Sheets,Grade B,1200.0,sq.ft,0.7,12.2,78000.0,81900.0,Mysuru,28.3,0.95,55.00000000000001,36556.0
Flush Doors,Grade B,5000.0,Pieces,2.0,35.2,21000000.0,22050000.0,Mysuru,27.7,0.95,55.00000000000001,8499056.0
Concrete Rubble,Grade B,60.0,Tonnes,2.6,24.6,72000.0,75600.0,Bangalore,39.9,1.12,55.00000000000001,38700.0
Construction Sand,Grade B,10.0,Tonnes,2.3,17.4,18000.0,18900.0,Hyderabad,33.8,1.05,55.00000000000001,9080.0
Structural Wood / Timber,Grade B,500.0,sq.ft,1.3,21.9,65000.0,68250.0,Pune,27.0,1.06,55.00000000000001,35632.0
Marble Slabs,Grade A,1200.0,sq.ft,1.9,14.5,252000.0,264600.0,Pune,7.2,1.06,75.0,192463.0
Window Glass,Grade A,500.0,sq.ft,0.6,29.4,37500.0,39375.0,Hyderabad,38.1,1.05,75.0,25139.0
Mixed Demolition Waste,Grade B,60.0,Tonnes,1.1,3.5,27000.0,28350.0,Chennai,48.9,1.02,55.00000000000001,15388.0
TMT Steel Rods,Grade C,1000.0,kg,6.5,70.7,58000.0,60900.0,Mysuru,24.8,0.95,38.0,12001.0
Sanitaryware Ceramics,Grade A,100.0,Pieces,2.0,18.5,85000.0,89250.0,Hyderabad,17.4,1.05,75.0,53561.0
TMT Steel Rods,Grade B,1500.0,kg,1.4,21.9,87000.0,91350.0,Bangalore,7.6,1.12,55.00000000000001,48947.0
Marble Slabs,Grade A,250.0,sq.ft,0.7,4.1,52500.0,55125.0,Hyderabad,16.0,1.05,75.0,40298.0
Ceramic Floor Tiles,Grade C,1200.0,sq.ft,1.5,80.8,50400.0,52920.0,Mumbai,39.2,1.18,38.0,10741.0
Marble Slabs,Grade B,100.0,sq.ft,4.4,11.4,21000.0,22050.0,Chennai,42.8,1.02,55.00000000000001,10757.0
Marble Slabs,Grade B,1200.0,sq.ft,0.9,12.9,252000.0,264600.0,Chennai,35.4,1.02,55.00000000000001,127404.0
Natural Stone Slabs,Grade B,15.0,Tonnes,6.1,10.9,16500.0,17325.0,Bangalore,32.1,1.12,55.00000000000001,9676.0
Ceramic Floor Tiles,Grade C,100.0,sq.ft,3.8,61.6,4200.0,4410.0,Mysuru,24.4,0.95,38.0,980.0
Aluminum Windows,Grade A,5000.0,Pieces,0.3,8.1,14000000.0,14700000.0,Delhi,12.1,1.1,75.0,10652429.0
Concrete Rubble,Grade B,10.0,Tonnes,2.2,4.2,12000.0,12600.0,Pune,45.8,1.06,55.00000000000001,6999.0
Corrugated Roofing Sheets,Grade B,500.0,sq.ft,1.3,9.6,32500.0,34125.0,Mumbai,38.0,1.18,55.00000000000001,19596.0
Structural Wood / Timber,Grade A,250.0,sq.ft,0.5,12.6,32500.0,34125.0,Delhi,35.5,1.1,75.0,25810.0
Window Glass,Grade A,1200.0,sq.ft,2.0,21.5,90000.0,94500.0,Mysuru,13.3,0.95,75.0,56422.0
Marble Slabs,Grade C,100.0,sq.ft,3.7,62.4,21000.0,22050.0,Mumbai,40.1,1.18,38.0,5839.0
Electrical Wiring & Panels,Grade B,500.0,Pieces,1.9,20.5,110000.0,115500.0,Chennai,44.4,1.02,55.00000000000001,55385.0
Sanitaryware Ceramics,Grade C,50.0,Pieces,1.3,53.7,42500.0,44625.0,Pune,42.0,1.06,38.0,11928.0
Mixed Demolition Waste,Grade D,5.0,Tonnes,0.5,51.0,2250.0,2362.5,Mysuru,41.2,0.95,22.0,332.0
Corrugated Roofing Sheets,Grade B,1200.0,sq.ft,3.6,14.6,78000.0,81900.0,Chennai,49.0,1.02,55.00000000000001,38972.0
Electrical Wiring & Panels,Grade C,500.0,Pieces,1.6,76.3,110000.0,115500.0,Mysuru,11.2,0.95,38.0,23099.0
Galvanized Iron (GI) Pipes,Grade A,2000.0,Pieces,0.4,24.4,1100000.0,1155000.0,Chennai,26.7,1.02,75.0,722868.0
Aluminum Windows,Grade B,100.0,Pieces,3.2,8.5,280000.0,294000.0,Mysuru,33.6,0.95,55.00000000000001,126779.0
Ceramic Floor Tiles,Grade C,250.0,sq.ft,6.8,55.6,10500.0,11025.0,Mysuru,11.5,0.95,38.0,2491.0
Sanitaryware Ceramics,Grade B,5000.0,Pieces,1.4,13.1,4250000.0,4462500.0,Hyderabad,47.5,1.05,55.00000000000001,2215113.0
Mixed Demolition Waste,Grade B,10.0,Tonnes,4.4,8.8,4500.0,4725.0,Mysuru,13.0,0.95,55.00000000000001,2156.0
Structural Wood / Timber,Grade B,250.0,sq.ft,1.1,5.4,32500.0,34125.0,Hyderabad,21.1,1.05,55.00000000000001,18155.0
Red Bricks,Grade A,500.0,Pieces,7.7,10.0,5500.0,5775.0,Mysuru,13.7,0.95,75.0,3626.0
Ceramic Floor Tiles,Grade C,250.0,sq.ft,9.3,71.7,10500.0,11025.0,Chennai,46.8,1.02,38.0,2197.0
Galvanized Iron (GI) Pipes,Grade A,5000.0,Pieces,6.0,16.0,2750000.0,2887500.0,Mysuru,17.8,0.95,75.0,1765545.0
Granite Slabs,Grade C,1200.0,sq.ft,10.3,79.1,228000.0,239400.0,Mysuru,48.8,0.95,38.0,43282.0
Structural Wood / Timber,Grade A,250.0,sq.ft,2.5,17.6,32500.0,34125.0,Mumbai,46.6,1.18,75.0,24902.0
Mixed Demolition Waste,Grade B,5.0,Tonnes,18.8,12.1,2250.0,2362.5,Pune,6.4,1.06,55.00000000000001,1214.0
Cement Blocks,Grade B,2000.0,Pieces,1.6,18.5,104000.0,109200.0,Mysuru,28.4,0.95,55.00000000000001,50646.0
Asbestos / Hazardous Sheeting,Grade E,100.0,sq.ft,5.4,64.1,0.0,0.0,Mumbai,47.3,1.18,0.0,0.0
Structural Wood / Timber,Grade A,100.0,sq.ft,1.6,18.2,13000.0,13650.0,Bangalore,5.6,1.12,75.0,10009.0
Window Glass,Grade B,250.0,sq.ft,0.2,17.3,18750.0,19687.5,Mysuru,10.7,0.95,55.00000000000001,7667.0
Ceramic Floor Tiles,Grade B,500.0,sq.ft,3.3,17.7,21000.0,22050.0,Mumbai,33.9,1.18,55.00000000000001,12413.0
Window Glass,Grade B,800.0,sq.ft,0.6,24.9,60000.0,63000.0,Pune,29.6,1.06,55.00000000000001,30232.0
Sanitaryware Ceramics,Grade B,100.0,Pieces,6.0,15.9,85000.0,89250.0,Hyderabad,5.7,1.05,55.00000000000001,45181.0
Sanitaryware Ceramics,Grade C,5000.0,Pieces,3.3,53.1,4250000.0,4462500.0,Bangalore,23.8,1.12,38.0,1251458.0
Structural Wood / Timber,Grade A,100.0,sq.ft,0.7,20.3,13000.0,13650.0,Mumbai,13.6,1.18,75.0,9209.0
Natural Stone Slabs,Grade B,10.0,Tonnes,5.9,18.5,11000.0,11550.0,Chennai,31.5,1.02,55.00000000000001,4789.0
Granite Slabs,Grade D,1200.0,sq.ft,4.9,35.4,228000.0,239400.0,Chennai,9.8,1.02,22.0,39350.0
Granite Slabs,Grade A,800.0,sq.ft,2.6,25.6,152000.0,159600.0,Mumbai,17.5,1.18,75.0,104549.0
Galvanized Iron (GI) Pipes,Grade B,2000.0,Pieces,4.5,28.6,1100000.0,1155000.0,Mumbai,17.9,1.18,55.00000000000001,594127.0
Corrugated Roofing Sheets,Grade C,500.0,sq.ft,2.1,75.9,32500.0,34125.0,Pune,45.8,1.06,38.0,7289.0
Flush Doors,Grade B,100.0,Pieces,2.2,23.4,420000.0,441000.0,Chennai,27.2,1.02,55.00000000000001,198150.0
Flush Doors,Grade B,500.0,Pieces,0.6,15.0,2100000.0,2205000.0,Chennai,31.5,1.02,55.00000000000001,1135958.0
Aluminum Windows,Grade B,2000.0,Pieces,6.6,15.6,5600000.0,5880000.0,Pune,47.0,1.06,55.00000000000001,3097276.0
Aluminum Windows,Grade B,2000.0,Pieces,0.5,24.5,5600000.0,5880000.0,Mysuru,23.2,0.95,55.00000000000001,2543735.0
Galvanized Iron (GI) Pipes,Grade D,50.0,Pieces,3.6,76.7,27500.0,28875.0,Pune,38.5,1.06,22.0,3368.0
Asbestos / Hazardous Sheeting,Grade E,1200.0,sq.ft,0.2,82.2,0.0,0.0,Delhi,11.4,1.1,0.0,0.0
Red Bricks,Grade B,500.0,Pieces,0.4,10.7,5500.0,5775.0,Bangalore,30.7,1.12,55.00000000000001,3325.0
Granite Slabs,Grade B,500.0,sq.ft,10.7,6.5,95000.0,99750.0,Chennai,11.6,1.02,55.00000000000001,52474.0
Structural Wood / Timber,Grade A,800.0,sq.ft,4.8,15.3,104000.0,109200.0,Chennai,9.2,1.02,75.0,72606.0
Window Glass,Grade B,250.0,sq.ft,2.4,36.3,18750.0,19687.5,Mysuru,45.0,0.95,55.00000000000001,7609.0
PVC Pipes,Grade A,50.0,Pieces,4.6,10.5,13000.0,13650.0,Delhi,40.1,1.1,75.0,9578.0
Window Glass,Grade B,1200.0,sq.ft,0.3,3.3,90000.0,94500.0,Delhi,29.9,1.1,55.00000000000001,48624.0
Construction Sand,Grade B,60.0,Tonnes,0.7,16.8,108000.0,113400.0,Delhi,14.9,1.1,55.00000000000001,58759.0
Mixed Demolition Waste,Grade B,15.0,Tonnes,5.0,32.0,6750.0,7087.5,Hyderabad,5.8,1.05,55.00000000000001,3042.0
TMT Steel Rods,Grade B,500.0,kg,7.7,10.7,29000.0,30450.0,Pune,42.9,1.06,55.00000000000001,16068.0
Aluminum Windows,Grade B,1000.0,Pieces,3.3,7.8,2800000.0,2940000.0,Delhi,33.0,1.1,55.00000000000001,1692185.0
Red Bricks,Grade C,2000.0,Pieces,2.5,42.3,22000.0,23100.0,Delhi,30.6,1.1,38.0,6808.0
Flush Doors,Grade B,500.0,Pieces,1.7,20.5,2100000.0,2205000.0,Pune,35.2,1.06,55.00000000000001,1056868.0
Natural Stone Slabs,Grade C,25.0,Tonnes,0.3,42.1,27500.0,28875.0,Chennai,21.5,1.02,38.0,8406.0
Granite Slabs,Grade D,1200.0,sq.ft,3.5,58.8,228000.0,239400.0,Chennai,19.2,1.02,22.0,32918.0
Structural Wood / Timber,Grade A,100.0,sq.ft,2.3,1.5,13000.0,13650.0,Mumbai,19.2,1.18,75.0,11757.0
Granite Slabs,Grade A,100.0,sq.ft,1.7,25.2,19000.0,19950.0,Mumbai,13.5,1.18,75.0,14178.0
TMT Steel Rods,Grade D,3000.0,kg,1.1,57.2,174000.0,182700.0,Delhi,49.1,1.1,22.0,29425.0
Window Glass,Grade B,1200.0,sq.ft,2.7,22.2,90000.0,94500.0,Mumbai,19.0,1.18,55.00000000000001,51631.0
TMT Steel Rods,Grade C,200.0,kg,1.0,62.1,11600.0,12180.0,Delhi,42.4,1.1,38.0,2892.0
PVC Pipes,Grade B,200.0,Pieces,0.9,22.5,52000.0,54600.0,Chennai,9.8,1.02,55.00000000000001,25777.0
Corrugated Roofing Sheets,Grade B,1200.0,sq.ft,3.3,15.8,78000.0,81900.0,Bangalore,42.5,1.12,55.00000000000001,46773.0
Asbestos / Hazardous Sheeting,Grade E,800.0,sq.ft,3.2,24.8,0.0,0.0,Mumbai,43.6,1.18,0.0,0.0
Granite Slabs,Grade B,100.0,sq.ft,0.9,9.9,19000.0,19950.0,Chennai,38.7,1.02,55.00000000000001,9779.0
Granite Slabs,Grade A,250.0,sq.ft,1.9,10.0,47500.0,49875.0,Pune,44.9,1.06,75.0,35819.0
Asbestos / Hazardous Sheeting,Grade E,100.0,sq.ft,1.4,48.1,0.0,0.0,Mumbai,17.1,1.18,0.0,0.0
Aluminum Windows,Grade B,200.0,Pieces,2.4,13.1,560000.0,588000.0,Bangalore,44.3,1.12,55.00000000000001,343967.0
Natural Stone Slabs,Grade C,5.0,Tonnes,3.4,63.0,5500.0,5775.0,Mumbai,7.9,1.18,38.0,1608.0
Window Glass,Grade A,800.0,sq.ft,1.4,15.1,60000.0,63000.0,Chennai,20.6,1.02,75.0,39722.0
Electrical Wiring & Panels,Grade C,200.0,Pieces,9.1,76.0,44000.0,46200.0,Chennai,16.8,1.02,38.0,9178.0
Ceramic Floor Tiles,Grade E,500.0,sq.ft,3.3,31.5,21000.0,22050.0,Chennai,33.3,1.02,0.0,0.0
Mixed Demolition Waste,Grade B,5.0,Tonnes,0.9,21.8,2250.0,2362.5,Pune,17.5,1.06,55.00000000000001,1148.0
Red Bricks,Grade B,100.0,Pieces,0.6,16.1,1100.0,1155.0,Hyderabad,42.8,1.05,55.00000000000001,588.0
Galvanized Iron (GI) Pipes,Grade A,50.0,Pieces,1.2,2.9,27500.0,28875.0,Pune,43.0,1.06,75.0,21517.0
Corrugated Roofing Sheets,Grade C,1200.0,sq.ft,12.1,79.7,78000.0,81900.0,Pune,45.8,1.06,38.0,15962.0
Electrical Wiring & Panels,Grade C,1000.0,Pieces,1.6,46.8,220000.0,231000.0,Pune,14.9,1.06,38.0,61888.0
Concrete Rubble,Grade B,5.0,Tonnes,10.8,14.5,6000.0,6300.0,Mysuru,30.2,0.95,55.00000000000001,2623.0
Mixed Demolition Waste,Grade A,10.0,Tonnes,2.0,34.9,4500.0,4725.0,Mysuru,6.2,0.95,75.0,2579.0
Natural Stone Slabs,Grade C,25.0,Tonnes,6.6,68.4,27500.0,28875.0,Hyderabad,21.0,1.05,38.0,6898.0
Asbestos / Hazardous Sheeting,Grade E,800.0,sq.ft,2.7,79.0,0.0,0.0,Hyderabad,33.7,1.05,0.0,0.0
PVC Pipes,Grade B,50.0,Pieces,3.5,10.8,13000.0,13650.0,Bangalore,26.2,1.12,55.00000000000001,7812.0
Red Bricks,Grade B,2000.0,Pieces,4.9,3.5,22000.0,23100.0,Hyderabad,22.6,1.05,55.00000000000001,12589.0
PVC Pipes,Grade B,500.0,Pieces,8.9,39.5,130000.0,136500.0,Bangalore,29.2,1.12,55.00000000000001,66141.0
Electrical Wiring & Panels,Grade B,50.0,Pieces,0.5,10.1,11000.0,11550.0,Pune,14.0,1.06,55.00000000000001,6032.0
Mixed Demolition Waste,Grade B,25.0,Tonnes,1.8,0.8,11250.0,11812.5,Chennai,8.2,1.02,55.00000000000001,6324.0
Electrical Wiring & Panels,Grade B,50.0,Pieces,1.9,11.6,11000.0,11550.0,Pune,45.8,1.06,55.00000000000001,5777.0
Concrete Rubble,Grade C,25.0,Tonnes,3.0,63.6,30000.0,31500.0,Mumbai,45.3,1.18,38.0,8021.0
Construction Sand,Grade D,10.0,Tonnes,0.5,45.0,18000.0,18900.0,Mysuru,28.5,0.95,22.0,2794.0
Red Bricks,Grade C,100.0,Pieces,4.3,81.1,1100.0,1155.0,Hyderabad,40.7,1.05,38.0,236.0
Red Bricks,Grade B,2000.0,Pieces,1.0,14.1,22000.0,23100.0,Delhi,34.5,1.1,55.00000000000001,12435.0
Aluminum Windows,Grade B,200.0,Pieces,0.2,10.0,560000.0,588000.0,Bangalore,41.1,1.12,55.00000000000001,297289.0
Electrical Wiring & Panels,Grade C,100.0,Pieces,1.2,76.4,22000.0,23100.0,Chennai,18.3,1.02,38.0,4909.0
Asbestos / Hazardous Sheeting,Grade E,800.0,sq.ft,1.3,39.7,0.0,0.0,Mumbai,27.4,1.18,0.0,0.0
Sanitaryware Ceramics,Grade C,50.0,Pieces,0.2,76.4,42500.0,44625.0,Mumbai,44.9,1.18,38.0,10449.0
Granite Slabs,Grade B,800.0,sq.ft,1.4,31.8,152000.0,159600.0,Chennai,34.9,1.02,55.00000000000001,68393.0
Corrugated Roofing Sheets,Grade D,500.0,sq.ft,6.8,51.3,32500.0,34125.0,Mysuru,43.8,0.95,22.0,4739.0
Galvanized Iron (GI) Pipes,Grade A,5000.0,Pieces,25.1,15.5,2750000.0,2887500.0,Pune,48.3,1.06,75.0,1902424.0
Galvanized Iron (GI) Pipes,Grade A,5000.0,Pieces,21.6,11.5,2750000.0,2887500.0,Mysuru,48.8,0.95,75.0,1986460.0
TMT Steel Rods,Grade A,1500.0,kg,1.1,21.9,87000.0,91350.0,Pune,24.3,1.06,75.0,60201.0
PVC Pipes,Grade A,1000.0,Pieces,2.0,29.9,260000.0,273000.0,Hyderabad,23.0,1.05,75.0,169322.0
Window Glass,Grade C,1200.0,sq.ft,0.6,81.9,90000.0,94500.0,Chennai,9.4,1.02,38.0,18357.0
Granite Slabs,Grade A,100.0,sq.ft,0.6,24.2,19000.0,19950.0,Chennai,24.2,1.02,75.0,11807.0
Structural Wood / Timber,Grade A,250.0,sq.ft,0.2,10.9,32500.0,34125.0,Pune,43.7,1.06,75.0,24082.0
Galvanized Iron (GI) Pipes,Grade C,500.0,Pieces,2.4,74.3,275000.0,288750.0,Delhi,48.3,1.1,38.0,65647.0
Construction Sand,Grade B,25.0,Tonnes,7.2,7.3,45000.0,47250.0,Mysuru,31.4,0.95,55.00000000000001,21122.0
Sanitaryware Ceramics,Grade A,5000.0,Pieces,4.3,38.7,4250000.0,4462500.0,Mysuru,46.9,0.95,75.0,2342940.0
Granite Slabs,Grade C,250.0,sq.ft,0.3,84.6,47500.0,49875.0,Mumbai,15.2,1.18,38.0,10573.0
Flush Doors,Grade B,50.0,Pieces,4.0,23.6,210000.0,220500.0,Pune,8.7,1.06,55.00000000000001,103140.0
Concrete Rubble,Grade D,5.0,Tonnes,2.2,79.5,6000.0,6300.0,Bangalore,14.3,1.12,22.0,761.0
Flush Doors,Grade A,200.0,Pieces,0.9,2.4,840000.0,882000.0,Chennai,26.5,1.02,75.0,603189.0
Asbestos / Hazardous Sheeting,Grade E,250.0,sq.ft,4.4,50.5,0.0,0.0,Pune,24.0,1.06,0.0,0.0
PVC Pipes,Grade B,2000.0,Pieces,4.5,7.7,520000.0,546000.0,Mumbai,23.7,1.18,55.00000000000001,313657.0
Structural Wood / Timber,Grade A,800.0,sq.ft,0.9,10.8,104000.0,109200.0,Delhi,44.0,1.1,75.0,81189.0
TMT Steel Rods,Grade B,3000.0,kg,1.7,9.5,174000.0,182700.0,Hyderabad,28.0,1.05,55.00000000000001,100062.0
Mixed Demolition Waste,Grade A,10.0,Tonnes,2.1,31.2,4500.0,4725.0,Bangalore,31.7,1.12,75.0,3052.0
Construction Sand,Grade B,25.0,Tonnes,6.6,20.0,45000.0,47250.0,Bangalore,5.3,1.12,55.00000000000001,25130.0
Electrical Wiring & Panels,Grade D,50.0,Pieces,2.5,58.9,11000.0,11550.0,Chennai,48.6,1.02,22.0,1707.0
Red Bricks,Grade D,2000.0,Pieces,2.1,64.4,22000.0,23100.0,Pune,18.2,1.06,22.0,3166.0
Asbestos / Hazardous Sheeting,Grade E,100.0,sq.ft,0.6,35.3,0.0,0.0,Chennai,42.9,1.02,0.0,0.0
PVC Pipes,Grade A,100.0,Pieces,9.0,3.6,26000.0,27300.0,Hyderabad,23.2,1.05,75.0,19919.0
Sanitaryware Ceramics,Grade D,200.0,Pieces,5.4,81.3,170000.0,178500.0,Bangalore,20.8,1.12,22.0,21982.0
Structural Wood / Timber,Grade A,500.0,sq.ft,0.9,2.0,65000.0,68250.0,Chennai,44.0,1.02,75.0,50823.0
Galvanized Iron (GI) Pipes,Grade D,50.0,Pieces,1.5,43.0,27500.0,28875.0,Mumbai,36.5,1.18,22.0,5143.0
Electrical Wiring & Panels,Grade E,1000.0,Pieces,0.2,69.4,220000.0,231000.0,Bangalore,25.1,1.12,0.0,0.0
Electrical Wiring & Panels,Grade D,50.0,Pieces,2.0,71.6,11000.0,11550.0,Chennai,11.8,1.02,22.0,1398.0
Asbestos / Hazardous Sheeting,Grade E,500.0,sq.ft,5.0,50.9,0.0,0.0,Bangalore,26.8,1.12,0.0,0.0
Sanitaryware Ceramics,Grade D,5000.0,Pieces,1.1,52.0,4250000.0,4462500.0,Mysuru,32.0,0.95,22.0,611048.0
Flush Doors,Grade A,500.0,Pieces,0.2,11.9,2100000.0,2205000.0,Bangalore,24.5,1.12,75.0,1639707.0
Concrete Rubble,Grade B,25.0,Tonnes,3.4,3.0,30000.0,31500.0,Hyderabad,39.0,1.05,55.00000000000001,16619.0
Flush Doors,Grade B,100.0,Pieces,5.7,16.0,420000.0,441000.0,Chennai,44.7,1.02,55.00000000000001,196184.0
Window Glass,Grade C,800.0,sq.ft,7.7,52.7,60000.0,63000.0,Hyderabad,19.7,1.05,38.0,16547.0
PVC Pipes,Grade B,200.0,Pieces,1.8,13.2,52000.0,54600.0,Mumbai,38.9,1.18,55.00000000000001,30670.0
Sanitaryware Ceramics,Grade B,100.0,Pieces,2.4,15.5,85000.0,89250.0,Chennai,47.0,1.02,55.00000000000001,44900.0
Ceramic Floor Tiles,Grade B,500.0,sq.ft,3.1,25.6,21000.0,22050.0,Hyderabad,19.3,1.05,55.00000000000001,10488.0
Ceramic Floor Tiles,Grade B,1200.0,sq.ft,4.2,13.7,50400.0,52920.0,Hyderabad,26.7,1.05,55.00000000000001,26135.0
Electrical Wiring & Panels,Grade B,500.0,Pieces,4.4,21.1,110000.0,115500.0,Hyderabad,22.9,1.05,55.00000000000001,54586.0
TMT Steel Rods,Grade A,1000.0,kg,2.1,10.8,58000.0,60900.0,Pune,26.9,1.06,75.0,42033.0
Red Bricks,Grade A,200.0,Pieces,6.7,11.7,2200.0,2310.0,Pune,21.6,1.06,75.0,1630.0
Natural Stone Slabs,Grade D,10.0,Tonnes,0.8,78.2,11000.0,11550.0,Mumbai,12.7,1.18,22.0,1433.0
Marble Slabs,Grade A,500.0,sq.ft,0.7,15.7,105000.0,110250.0,Chennai,29.7,1.02,75.0,72597.0
Corrugated Roofing Sheets,Grade E,800.0,sq.ft,10.9,68.1,52000.0,54600.0,Delhi,17.8,1.1,0.0,0.0
Cement Blocks,Grade C,100.0,Pieces,3.5,74.9,5200.0,5460.0,Chennai,36.3,1.02,38.0,1232.0
Red Bricks,Grade C,50.0,Pieces,1.9,38.3,550.0,577.5,Hyderabad,7.3,1.05,38.0,173.0
Construction Sand,Grade E,60.0,Tonnes,2.0,63.4,108000.0,113400.0,Hyderabad,8.6,1.05,0.0,0.0
Construction Sand,Grade D,60.0,Tonnes,10.2,55.9,108000.0,113400.0,Mysuru,24.4,0.95,22.0,14772.0
Corrugated Roofing Sheets,Grade C,100.0,sq.ft,3.4,47.6,6500.0,6825.0,Pune,47.7,1.06,38.0,1907.0
Ceramic Floor Tiles,Grade A,250.0,sq.ft,3.3,20.9,10500.0,11025.0,Bangalore,33.8,1.12,75.0,7947.0
Granite Slabs,Grade B,250.0,sq.ft,1.6,10.3,47500.0,49875.0,Delhi,40.5,1.1,55.00000000000001,24907.0
Asbestos / Hazardous Sheeting,Grade E,100.0,sq.ft,3.5,76.7,0.0,0.0,Chennai,16.1,1.02,0.0,0.0
Granite Slabs,Grade B,100.0,sq.ft,3.8,28.2,19000.0,19950.0,Delhi,13.5,1.1,55.00000000000001,10043.0
Granite Slabs,Grade B,100.0,sq.ft,0.6,11.2,19000.0,19950.0,Chennai,5.6,1.02,55.00000000000001,10219.0
Marble Slabs,Grade B,800.0,sq.ft,0.4,6.4,168000.0,176400.0,Mysuru,25.4,0.95,55.00000000000001,88384.0
Granite Slabs,Grade C,250.0,sq.ft,2.2,47.4,47500.0,49875.0,Hyderabad,18.4,1.05,38.0,14345.0
Granite Slabs,Grade A,250.0,sq.ft,1.6,31.7,47500.0,49875.0,Mumbai,42.9,1.18,75.0,36571.0
Red Bricks,Grade D,5000.0,Pieces,1.2,73.1,55000.0,57750.0,Mumbai,30.2,1.18,22.0,8027.0
Aluminum Windows,Grade C,5000.0,Pieces,7.0,35.5,14000000.0,14700000.0,Bangalore,26.1,1.12,38.0,5187636.0
TMT Steel Rods,Grade B,1000.0,kg,0.4,32.2,58000.0,60900.0,Pune,26.8,1.06,55.00000000000001,26305.0
Sanitaryware Ceramics,Grade D,100.0,Pieces,0.8,70.7,85000.0,89250.0,Mumbai,34.4,1.18,22.0,12796.0
Construction Sand,Grade A,10.0,Tonnes,0.4,10.1,18000.0,18900.0,Mumbai,14.5,1.18,75.0,15382.0
Electrical Wiring & Panels,Grade C,500.0,Pieces,0.9,69.0,110000.0,115500.0,Mumbai,25.3,1.18,38.0,29566.0
Galvanized Iron (GI) Pipes,Grade B,200.0,Pieces,5.6,20.6,110000.0,115500.0,Hyderabad,44.2,1.05,55.00000000000001,57826.0
Construction Sand,Grade B,5.0,Tonnes,1.8,13.4,9000.0,9450.0,Mumbai,6.8,1.18,55.00000000000001,5399.0
Ceramic Floor Tiles,Grade C,100.0,sq.ft,5.6,80.2,4200.0,4410.0,Pune,31.2,1.06,38.0,834.0
Red Bricks,Grade B,50.0,Pieces,0.7,13.7,550.0,577.5,Mysuru,24.8,0.95,55.00000000000001,237.0
Red Bricks,Grade D,1000.0,Pieces,9.7,73.9,11000.0,11550.0,Hyderabad,8.3,1.05,22.0,1444.0
Structural Wood / Timber,Grade D,250.0,sq.ft,3.5,70.1,32500.0,34125.0,Hyderabad,15.1,1.05,22.0,4154.0
Red Bricks,Grade D,50.0,Pieces,1.0,87.5,550.0,577.5,Delhi,40.4,1.1,22.0,63.0
Cement Blocks,Grade B,50.0,Pieces,2.3,27.8,2600.0,2730.0,Mysuru,17.3,0.95,55.00000000000001,1121.0
Marble Slabs,Grade A,800.0,sq.ft,5.6,30.2,168000.0,176400.0,Mumbai,42.2,1.18,75.0,106817.0
Structural Wood / Timber,Grade B,100.0,sq.ft,6.4,7.2,13000.0,13650.0,Bangalore,40.1,1.12,55.00000000000001,7878.0
Cement Blocks,Grade A,50.0,Pieces,1.8,5.2,2600.0,2730.0,Mysuru,29.4,0.95,75.0,1752.0
TMT Steel Rods,Grade B,3000.0,kg,5.4,18.2,174000.0,182700.0,Mysuru,45.2,0.95,55.00000000000001,83209.0
Natural Stone Slabs,Grade C,60.0,Tonnes,1.0,79.0,66000.0,69300.0,Chennai,5.1,1.02,38.0,13507.0
Corrugated Roofing Sheets,Grade B,250.0,sq.ft,5.4,5.7,16250.0,17062.5,Mysuru,49.9,0.95,55.00000000000001,8173.0
Red Bricks,Grade E,100.0,Pieces,1.6,78.6,1100.0,1155.0,Hyderabad,31.1,1.05,0.0,0.0
Window Glass,Grade A,500.0,sq.ft,1.4,28.5,37500.0,39375.0,Pune,6.8,1.06,75.0,24173.0
Marble Slabs,Grade A,500.0,sq.ft,10.8,27.1,105000.0,110250.0,Hyderabad,20.6,1.05,75.0,66368.0
Galvanized Iron (GI) Pipes,Grade B,1000.0,Pieces,0.6,28.9,550000.0,577500.0,Mysuru,35.0,0.95,55.00000000000001,232056.0
Window Glass,Grade B,1200.0,sq.ft,0.6,23.5,90000.0,94500.0,Hyderabad,12.4,1.05,55.00000000000001,44917.0
TMT Steel Rods,Grade B,1500.0,kg,2.9,29.1,87000.0,91350.0,Delhi,10.0,1.1,55.00000000000001,44711.0
Galvanized Iron (GI) Pipes,Grade B,200.0,Pieces,4.1,8.5,110000.0,115500.0,Pune,33.9,1.06,55.00000000000001,62687.0
Construction Sand,Grade C,5.0,Tonnes,1.4,65.4,9000.0,9450.0,Hyderabad,48.4,1.05,38.0,2211.0
Corrugated Roofing Sheets,Grade B,250.0,sq.ft,0.8,17.2,16250.0,17062.5,Mumbai,38.6,1.18,55.00000000000001,9032.0
Red Bricks,Grade B,200.0,Pieces,6.6,5.4,2200.0,2310.0,Delhi,43.0,1.1,55.00000000000001,1295.0
Marble Slabs,Grade B,800.0,sq.ft,3.9,28.1,168000.0,176400.0,Delhi,26.6,1.1,55.00000000000001,82202.0
Natural Stone Slabs,Grade B,10.0,Tonnes,9.4,3.0,11000.0,11550.0,Pune,23.3,1.06,55.00000000000001,6492.0
Red Bricks,Grade A,2000.0,Pieces,2.7,35.4,22000.0,23100.0,Chennai,11.4,1.02,75.0,13379.0
Mixed Demolition Waste,Grade C,10.0,Tonnes,0.7,49.1,4500.0,4725.0,Chennai,32.0,1.02,38.0,1214.0
Asbestos / Hazardous Sheeting,Grade E,250.0,sq.ft,0.2,74.7,0.0,0.0,Delhi,38.7,1.1,0.0,0.0
Ceramic Floor Tiles,Grade B,500.0,sq.ft,0.5,12.7,21000.0,22050.0,Pune,9.6,1.06,55.00000000000001,11476.0
Construction Sand,Grade B,15.0,Tonnes,3.9,14.5,27000.0,28350.0,Chennai,33.4,1.02,55.00000000000001,13610.0
Flush Doors,Grade B,2000.0,Pieces,6.5,30.1,8400000.0,8820000.0,Delhi,27.5,1.1,55.00000000000001,4278011.0
Red Bricks,Grade B,2000.0,Pieces,0.9,38.8,22000.0,23100.0,Hyderabad,43.5,1.05,55.00000000000001,9363.0
Red Bricks,Grade A,200.0,Pieces,13.1,16.9,2200.0,2310.0,Hyderabad,15.8,1.05,75.0,1585.0
Window Glass,Grade A,1200.0,sq.ft,2.2,2.5,90000.0,94500.0,Delhi,8.2,1.1,75.0,74491.0
Concrete Rubble,Grade B,25.0,Tonnes,2.6,33.0,30000.0,31500.0,Mysuru,23.6,0.95,55.00000000000001,11972.0
TMT Steel Rods,Grade A,200.0,kg,0.7,41.5,11600.0,12180.0,Hyderabad,30.6,1.05,75.0,6661.0
Concrete Rubble,Grade C,60.0,Tonnes,3.1,75.8,72000.0,75600.0,Hyderabad,34.1,1.05,38.0,15652.0
Window Glass,Grade C,500.0,sq.ft,2.3,69.8,37500.0,39375.0,Mumbai,23.4,1.18,38.0,9038.0
Electrical Wiring & Panels,Grade A,200.0,Pieces,12.7,20.5,44000.0,46200.0,Mysuru,32.5,0.95,75.0,28038.0
Construction Sand,Grade B,10.0,Tonnes,1.9,18.8,18000.0,18900.0,Mysuru,29.7,0.95,55.00000000000001,8176.0
Aluminum Windows,Grade D,2000.0,Pieces,1.7,47.9,5600000.0,5880000.0,Hyderabad,26.7,1.05,22.0,922440.0
Window Glass,Grade C,1200.0,sq.ft,1.7,70.7,90000.0,94500.0,Bangalore,26.5,1.12,38.0,21978.0
Marble Slabs,Grade C,100.0,sq.ft,0.5,42.0,21000.0,22050.0,Pune,32.4,1.06,38.0,6549.0
Galvanized Iron (GI) Pipes,Grade C,2000.0,Pieces,2.1,47.7,1100000.0,1155000.0,Pune,8.6,1.06,38.0,308618.0
Natural Stone Slabs,Grade C,40.0,Tonnes,2.9,73.8,44000.0,46200.0,Pune,49.9,1.06,38.0,9734.0
Construction Sand,Grade B,40.0,Tonnes,2.7,5.1,72000.0,75600.0,Pune,33.1,1.06,55.00000000000001,41124.0
Concrete Rubble,Grade E,25.0,Tonnes,0.4,54.9,30000.0,31500.0,Pune,50.0,1.06,0.0,0.0
Aluminum Windows,Grade A,1000.0,Pieces,2.8,20.7,2800000.0,2940000.0,Pune,12.3,1.06,75.0,1952375.0
Granite Slabs,Grade D,500.0,sq.ft,0.3,63.8,95000.0,99750.0,Hyderabad,14.9,1.05,22.0,14207.0
Asbestos / Hazardous Sheeting,Grade E,1200.0,sq.ft,1.4,43.4,0.0,0.0,Mysuru,17.3,0.95,0.0,0.0
Concrete Rubble,Grade B,40.0,Tonnes,2.0,11.4,48000.0,50400.0,Mumbai,49.6,1.18,55.00000000000001,28382.0
Asbestos / Hazardous Sheeting,Grade E,1200.0,sq.ft,1.1,60.7,0.0,0.0,Delhi,22.9,1.1,0.0,0.0
PVC Pipes,Grade B,100.0,Pieces,1.2,25.4,26000.0,27300.0,Pune,23.5,1.06,55.00000000000001,12450.0
Asbestos / Hazardous Sheeting,Grade E,800.0,sq.ft,1.8,46.4,0.0,0.0,Mumbai,33.9,1.18,0.0,0.0
Natural Stone Slabs,Grade C,10.0,Tonnes,5.2,59.8,11000.0,11550.0,Pune,36.7,1.06,38.0,2767.0
Red Bricks,Grade A,50.0,Pieces,1.1,33.7,550.0,577.5,Pune,48.2,1.06,75.0,362.0
Red Bricks,Grade B,50.0,Pieces,3.3,37.6,550.0,577.5,Delhi,5.4,1.1,55.00000000000001,244.0
Window Glass,Grade B,100.0,sq.ft,0.9,13.0,7500.0,7875.0,Bangalore,16.2,1.12,55.00000000000001,4497.0
Construction Sand,Grade D,15.0,Tonnes,1.3,77.3,27000.0,28350.0,Bangalore,47.8,1.12,22.0,3540.0
Ceramic Floor Tiles,Grade A,1200.0,sq.ft,1.0,7.4,50400.0,52920.0,Delhi,46.1,1.1,75.0,42117.0
Red Bricks,Grade A,100.0,Pieces,13.5,18.2,1100.0,1155.0,Mysuru,33.2,0.95,75.0,710.0
Sanitaryware Ceramics,Grade B,500.0,Pieces,11.1,4.1,425000.0,446250.0,Chennai,42.2,1.02,55.00000000000001,244848.0
Aluminum Windows,Grade E,100.0,Pieces,1.2,70.7,280000.0,294000.0,Delhi,30.3,1.1,0.0,0.0
Structural Wood / Timber,Grade C,250.0,sq.ft,0.4,67.3,32500.0,34125.0,Chennai,23.7,1.02,38.0,7374.0
Granite Slabs,Grade C,1200.0,sq.ft,1.3,77.0,228000.0,239400.0,Chennai,13.9,1.02,38.0,45982.0
Marble Slabs,Grade A,1200.0,sq.ft,0.8,5.2,252000.0,264600.0,Mumbai,26.6,1.18,75.0,231619.0
Granite Slabs,Grade B,500.0,sq.ft,0.3,9.1,95000.0,99750.0,Pune,18.4,1.06,55.00000000000001,54901.0
Ceramic Floor Tiles,Grade E,250.0,sq.ft,4.1,60.9,10500.0,11025.0,Bangalore,19.9,1.12,0.0,0.0
Granite Slabs,Grade B,1200.0,sq.ft,1.2,15.5,228000.0,239400.0,Hyderabad,39.7,1.05,55.00000000000001,118759.0
Granite Slabs,Grade A,1200.0,sq.ft,2.1,16.3,228000.0,239400.0,Pune,30.1,1.06,75.0,164379.0
Marble Slabs,Grade C,500.0,sq.ft,1.2,31.4,105000.0,110250.0,Pune,20.4,1.06,38.0,34730.0
Cement Blocks,Grade B,50.0,Pieces,0.6,10.9,2600.0,2730.0,Mumbai,19.6,1.18,55.00000000000001,1568.0
Structural Wood / Timber,Grade A,1200.0,sq.ft,0.7,16.7,156000.0,163800.0,Chennai,35.1,1.02,75.0,103423.0
Cement Blocks,Grade D,100.0,Pieces,4.9,55.7,5200.0,5460.0,Delhi,9.7,1.1,22.0,830.0
PVC Pipes,Grade C,2000.0,Pieces,0.8,40.8,520000.0,546000.0,Chennai,41.7,1.02,38.0,142595.0
Aluminum Windows,Grade A,1000.0,Pieces,6.7,6.3,2800000.0,2940000.0,Mysuru,6.2,0.95,75.0,1891285.0
Sanitaryware Ceramics,Grade C,100.0,Pieces,1.9,68.6,85000.0,89250.0,Hyderabad,40.3,1.05,38.0,19315.0
Structural Wood / Timber,Grade B,250.0,sq.ft,5.7,21.9,32500.0,34125.0,Delhi,16.7,1.1,55.00000000000001,16429.0
Electrical Wiring & Panels,Grade B,100.0,Pieces,0.8,20.4,22000.0,23100.0,Chennai,33.8,1.02,55.00000000000001,9673.0
Sanitaryware Ceramics,Grade D,5000.0,Pieces,1.3,57.4,4250000.0,4462500.0,Delhi,13.3,1.1,22.0,689304.0
Structural Wood / Timber,Grade A,1200.0,sq.ft,3.5,1.5,156000.0,163800.0,Mumbai,41.1,1.18,75.0,137528.0
Corrugated Roofing Sheets,Grade B,500.0,sq.ft,2.1,12.3,32500.0,34125.0,Hyderabad,12.4,1.05,55.00000000000001,17745.0
Asbestos / Hazardous Sheeting,Grade E,1200.0,sq.ft,2.2,68.1,0.0,0.0,Bangalore,7.3,1.12,0.0,0.0
Marble Slabs,Grade A,500.0,sq.ft,3.2,17.2,105000.0,110250.0,Chennai,12.0,1.02,75.0,66174.0
Construction Sand,Grade B,10.0,Tonnes,1.7,5.1,18000.0,18900.0,Mysuru,19.6,0.95,55.00000000000001,8587.0
Mixed Demolition Waste,Grade A,15.0,Tonnes,1.1,19.9,6750.0,7087.5,Bangalore,48.0,1.12,75.0,4849.0
Marble Slabs,Grade C,1200.0,sq.ft,1.5,73.3,252000.0,264600.0,Chennai,43.1,1.02,38.0,57262.0
Natural Stone Slabs,Grade B,25.0,Tonnes,5.9,10.3,27500.0,28875.0,Delhi,49.1,1.1,55.00000000000001,15201.0
Asbestos / Hazardous Sheeting,Grade E,800.0,sq.ft,4.7,44.1,0.0,0.0,Pune,15.3,1.06,0.0,0.0
Construction Sand,Grade B,5.0,Tonnes,1.3,11.0,9000.0,9450.0,Mysuru,43.8,0.95,55.00000000000001,4322.0
Asbestos / Hazardous Sheeting,Grade E,800.0,sq.ft,0.4,60.5,0.0,0.0,Pune,36.0,1.06,0.0,0.0
Natural Stone Slabs,Grade E,40.0,Tonnes,1.0,70.8,44000.0,46200.0,Chennai,47.5,1.02,0.0,0.0
Cement Blocks,Grade C,2000.0,Pieces,10.0,37.5,104000.0,109200.0,Hyderabad,9.5,1.05,38.0,31349.0
Construction Sand,Grade B,40.0,Tonnes,0.5,17.6,72000.0,75600.0,Chennai,5.1,1.02,55.00000000000001,36334.0
Construction Sand,Grade B,25.0,Tonnes,4.6,26.1,45000.0,47250.0,Mumbai,41.0,1.18,55.00000000000001,24712.0
Granite Slabs,Grade B,100.0,sq.ft,6.3,13.3,19000.0,19950.0,Hyderabad,19.2,1.05,55.00000000000001,9388.0
Marble Slabs,Grade E,100.0,sq.ft,3.7,59.1,21000.0,22050.0,Hyderabad,13.3,1.05,0.0,0.0
Sanitaryware Ceramics,Grade B,500.0,Pieces,3.7,9.6,425000.0,446250.0,Pune,21.0,1.06,55.00000000000001,233126.0
Structural Wood / Timber,Grade B,100.0,sq.ft,2.2,18.0,13000.0,13650.0,Mysuru,45.9,0.95,55.00000000000001,6216.0
Cement Blocks,Grade B,100.0,Pieces,2.8,14.7,5200.0,5460.0,Bangalore,44.5,1.12,55.00000000000001,3124.0
Aluminum Windows,Grade B,5000.0,Pieces,2.4,34.3,14000000.0,14700000.0,Delhi,48.2,1.1,55.00000000000001,6306983.0
Aluminum Windows,Grade B,5000.0,Pieces,0.7,15.1,14000000.0,14700000.0,Hyderabad,42.3,1.05,55.00000000000001,7591222.0
Aluminum Windows,Grade B,2000.0,Pieces,7.7,32.0,5600000.0,5880000.0,Hyderabad,12.9,1.05,55.00000000000001,2571985.0
Concrete Rubble,Grade B,10.0,Tonnes,0.4,6.5,12000.0,12600.0,Mysuru,12.1,0.95,55.00000000000001,5865.0
Granite Slabs,Grade C,500.0,sq.ft,6.4,30.6,95000.0,99750.0,Pune,38.2,1.06,38.0,31438.0
Corrugated Roofing Sheets,Grade C,1200.0,sq.ft,8.1,69.0,78000.0,81900.0,Mumbai,37.1,1.18,38.0,20469.0
Electrical Wiring & Panels,Grade B,1000.0,Pieces,3.7,12.0,220000.0,231000.0,Chennai,24.1,1.02,55.00000000000001,116018.0
Concrete Rubble,Grade A,25.0,Tonnes,1.7,33.7,30000.0,31500.0,Chennai,27.6,1.02,75.0,17193.0
Window Glass,Grade B,500.0,sq.ft,3.6,22.9,37500.0,39375.0,Chennai,30.0,1.02,55.00000000000001,17817.0
Mixed Demolition Waste,Grade B,5.0,Tonnes,6.7,11.4,2250.0,2362.5,Pune,29.1,1.06,55.00000000000001,1121.0
Window Glass,Grade B,250.0,sq.ft,0.9,6.5,18750.0,19687.5,Mysuru,24.8,0.95,55.00000000000001,9243.0
TMT Steel Rods,Grade B,3000.0,kg,1.7,12.6,174000.0,182700.0,Pune,27.4,1.06,55.00000000000001,101245.0
Ceramic Floor Tiles,Grade A,250.0,sq.ft,1.1,42.9,10500.0,11025.0,Pune,31.7,1.06,75.0,6196.0
Granite Slabs,Grade B,1200.0,sq.ft,7.2,9.8,228000.0,239400.0,Hyderabad,32.3,1.05,55.00000000000001,121737.0
Red Bricks,Grade B,500.0,Pieces,1.2,19.6,5500.0,5775.0,Mumbai,30.8,1.18,55.00000000000001,3128.0
Galvanized Iron (GI) Pipes,Grade C,2000.0,Pieces,1.0,83.6,1100000.0,1155000.0,Chennai,14.7,1.02,38.0,213349.0
Concrete Rubble,Grade C,40.0,Tonnes,4.3,73.1,48000.0,50400.0,Hyderabad,36.5,1.05,38.0,10637.0
Electrical Wiring & Panels,Grade B,200.0,Pieces,5.6,22.3,44000.0,46200.0,Delhi,12.9,1.1,55.00000000000001,22264.0
Asbestos / Hazardous Sheeting,Grade E,250.0,sq.ft,12.3,47.5,0.0,0.0,Bangalore,38.0,1.12,0.0,0.0
Electrical Wiring & Panels,Grade B,2000.0,Pieces,4.5,23.0,440000.0,462000.0,Delhi,40.0,1.1,55.00000000000001,225407.0
Cement Blocks,Grade A,2000.0,Pieces,0.9,19.7,104000.0,109200.0,Pune,8.2,1.06,75.0,73068.0
Structural Wood / Timber,Grade A,250.0,sq.ft,2.5,11.1,32500.0,34125.0,Chennai,10.0,1.02,75.0,24065.0
Flush Doors,Grade C,200.0,Pieces,1.3,71.6,840000.0,882000.0,Delhi,13.3,1.1,38.0,220791.0
Cement Blocks,Grade C,100.0,Pieces,10.2,75.9,5200.0,5460.0,Hyderabad,27.5,1.05,38.0,1074.0
Mixed Demolition Waste,Grade B,40.0,Tonnes,2.2,11.3,18000.0,18900.0,Chennai,28.5,1.02,55.00000000000001,9594.0
Concrete Rubble,Grade A,15.0,Tonnes,3.0,3.3,18000.0,18900.0,Hyderabad,15.7,1.05,75.0,13083.0
PVC Pipes,Grade C,200.0,Pieces,1.3,80.7,52000.0,54600.0,Chennai,23.5,1.02,38.0,9729.0
Ceramic Floor Tiles,Grade B,100.0,sq.ft,3.5,10.7,4200.0,4410.0,Pune,30.8,1.06,55.00000000000001,2252.0
Concrete Rubble,Grade A,5.0,Tonnes,0.8,20.9,6000.0,6300.0,Mysuru,36.0,0.95,75.0,3632.0
Electrical Wiring & Panels,Grade B,100.0,Pieces,1.8,7.9,22000.0,23100.0,Pune,43.7,1.06,55.00000000000001,11867.0
Cement Blocks,Grade B,200.0,Pieces,1.5,28.4,10400.0,10920.0,Hyderabad,30.2,1.05,55.00000000000001,4816.0
Aluminum Windows,Grade A,50.0,Pieces,7.6,22.3,140000.0,147000.0,Mysuru,19.4,0.95,75.0,88436.0
Ceramic Floor Tiles,Grade A,800.0,sq.ft,1.3,19.9,33600.0,35280.0,Bangalore,5.4,1.12,75.0,24330.0
Galvanized Iron (GI) Pipes,Grade B,500.0,Pieces,8.8,2.0,275000.0,288750.0,Chennai,39.0,1.02,55.00000000000001,162227.0
PVC Pipes,Grade A,2000.0,Pieces,13.1,25.1,520000.0,546000.0,Chennai,26.7,1.02,75.0,342291.0
Electrical Wiring & Panels,Grade B,200.0,Pieces,0.6,16.2,44000.0,46200.0,Mumbai,31.7,1.18,55.00000000000001,24587.0
Aluminum Windows,Grade B,1000.0,Pieces,4.1,21.6,2800000.0,2940000.0,Delhi,35.9,1.1,55.00000000000001,1452342.0
Red Bricks,Grade B,200.0,Pieces,10.2,16.6,2200.0,2310.0,Pune,40.2,1.06,55.00000000000001,1080.0
Concrete Rubble,Grade B,60.0,Tonnes,6.4,31.8,72000.0,75600.0,Hyderabad,16.9,1.05,55.00000000000001,34064.0
Galvanized Iron (GI) Pipes,Grade C,200.0,Pieces,2.6,48.5,110000.0,115500.0,Hyderabad,29.7,1.05,38.0,32322.0
Asbestos / Hazardous Sheeting,Grade E,500.0,sq.ft,2.6,64.3,0.0,0.0,Bangalore,39.2,1.12,0.0,0.0
Marble Slabs,Grade B,100.0,sq.ft,0.2,4.7,21000.0,22050.0,Pune,25.6,1.06,55.00000000000001,12557.0
TMT Steel Rods,Grade B,500.0,kg,2.4,16.1,29000.0,30450.0,Pune,30.2,1.06,55.00000000000001,15396.0
Marble Slabs,Grade B,500.0,sq.ft,0.7,21.7,105000.0,110250.0,Delhi,7.4,1.1,55.00000000000001,54768.0
Ceramic Floor Tiles,Grade C,500.0,sq.ft,1.2,64.6,21000.0,22050.0,Chennai,28.3,1.02,38.0,5025.0
Concrete Rubble,Grade B,10.0,Tonnes,1.6,11.2,12000.0,12600.0,Chennai,37.4,1.02,55.00000000000001,6068.0
PVC Pipes,Grade B,500.0,Pieces,1.1,22.6,130000.0,136500.0,Mysuru,49.6,0.95,55.00000000000001,57813.0
PVC Pipes,Grade C,2000.0,Pieces,0.6,74.4,520000.0,546000.0,Pune,14.1,1.06,38.0,113506.0
Marble Slabs,Grade A,500.0,sq.ft,1.1,26.0,105000.0,110250.0,Chennai,21.6,1.02,75.0,69084.0
Window Glass,Grade C,250.0,sq.ft,4.5,40.9,18750.0,19687.5,Delhi,38.6,1.1,38.0,6306.0
Corrugated Roofing Sheets,Grade D,1200.0,sq.ft,1.0,69.2,78000.0,81900.0,Delhi,44.2,1.1,22.0,10987.0
TMT Steel Rods,Grade C,200.0,kg,4.9,81.1,11600.0,12180.0,Chennai,41.0,1.02,38.0,2282.0
Sanitaryware Ceramics,Grade B,200.0,Pieces,1.0,0.3,170000.0,178500.0,Pune,47.2,1.06,55.00000000000001,106931.0
Electrical Wiring & Panels,Grade B,100.0,Pieces,2.1,20.8,22000.0,23100.0,Hyderabad,31.3,1.05,55.00000000000001,11292.0
Granite Slabs,Grade A,250.0,sq.ft,3.7,14.6,47500.0,49875.0,Hyderabad,40.7,1.05,75.0,32061.0
Sanitaryware Ceramics,Grade D,5000.0,Pieces,0.9,53.6,4250000.0,4462500.0,Mysuru,27.9,0.95,22.0,588090.0
Concrete Rubble,Grade A,25.0,Tonnes,3.3,29.2,30000.0,31500.0,Bangalore,23.1,1.12,75.0,21296.0
Galvanized Iron (GI) Pipes,Grade A,200.0,Pieces,4.6,20.2,110000.0,115500.0,Chennai,20.7,1.02,75.0,72777.0
Natural Stone Slabs,Grade D,40.0,Tonnes,4.6,39.3,44000.0,46200.0,Delhi,5.3,1.1,22.0,8864.0
Red Bricks,Grade A,1000.0,Pieces,0.6,20.3,11000.0,11550.0,Bangalore,19.0,1.12,75.0,8934.0
Flush Doors,Grade C,100.0,Pieces,0.9,66.8,420000.0,441000.0,Chennai,47.6,1.02,38.0,98051.0
Window Glass,Grade A,800.0,sq.ft,8.3,20.9,60000.0,63000.0,Chennai,15.9,1.02,75.0,42392.0
Cement Blocks,Grade B,2000.0,Pieces,1.4,13.7,104000.0,109200.0,Mumbai,25.3,1.18,55.00000000000001,67960.0
Aluminum Windows,Grade B,5000.0,Pieces,2.0,12.7,14000000.0,14700000.0,Chennai,25.4,1.02,55.00000000000001,7030615.0
Ceramic Floor Tiles,Grade B,800.0,sq.ft,0.6,36.8,33600.0,35280.0,Delhi,13.5,1.1,55.00000000000001,15867.0
Structural Wood / Timber,Grade A,500.0,sq.ft,5.6,35.0,65000.0,68250.0,Bangalore,39.1,1.12,75.0,41602.0
Construction Sand,Grade B,10.0,Tonnes,3.2,8.8,18000.0,18900.0,Mysuru,18.0,0.95,55.00000000000001,8875.0
PVC Pipes,Grade B,1000.0,Pieces,1.0,15.5,260000.0,273000.0,Pune,28.1,1.06,55.00000000000001,139879.0
Marble Slabs,Grade C,1200.0,sq.ft,3.3,37.1,252000.0,264600.0,Delhi,29.7,1.1,38.0,79992.0
Sanitaryware Ceramics,Grade B,50.0,Pieces,3.5,15.1,42500.0,44625.0,Pune,16.9,1.06,55.00000000000001,23624.0
PVC Pipes,Grade A,1000.0,Pieces,0.6,20.2,260000.0,273000.0,Chennai,20.7,1.02,75.0,178388.0
Aluminum Windows,Grade B,2000.0,Pieces,2.6,38.4,5600000.0,5880000.0,Mysuru,27.4,0.95,55.00000000000001,2249949.0
Granite Slabs,Grade E,500.0,sq.ft,0.9,56.0,95000.0,99750.0,Mumbai,28.9,1.18,0.0,0.0
Structural Wood / Timber,Grade A,100.0,sq.ft,11.4,25.5,13000.0,13650.0,Delhi,26.2,1.1,75.0,8576.0
TMT Steel Rods,Grade D,200.0,kg,3.4,59.7,11600.0,12180.0,Bangalore,18.3,1.12,22.0,1776.0
Galvanized Iron (GI) Pipes,Grade C,1000.0,Pieces,0.8,43.0,550000.0,577500.0,Delhi,13.7,1.1,38.0,170886.0
Construction Sand,Grade C,40.0,Tonnes,4.9,48.7,72000.0,75600.0,Hyderabad,40.0,1.05,38.0,20801.0
Construction Sand,Grade A,40.0,Tonnes,3.4,10.9,72000.0,75600.0,Mumbai,25.8,1.18,75.0,61061.0
Structural Wood / Timber,Grade C,250.0,sq.ft,4.1,75.1,32500.0,34125.0,Bangalore,13.1,1.12,38.0,6678.0
Cement Blocks,Grade B,2000.0,Pieces,1.3,14.1,104000.0,109200.0,Bangalore,35.2,1.12,55.00000000000001,57586.0
Marble Slabs,Grade A,1200.0,sq.ft,4.6,15.7,252000.0,264600.0,Mumbai,47.7,1.18,75.0,191637.0
Marble Slabs,Grade B,1200.0,sq.ft,1.2,11.2,252000.0,264600.0,Mysuru,30.9,0.95,55.00000000000001,118567.0
Marble Slabs,Grade B,100.0,sq.ft,0.5,23.6,21000.0,22050.0,Chennai,30.3,1.02,55.00000000000001,9172.0
Sanitaryware Ceramics,Grade B,1000.0,Pieces,4.9,10.4,850000.0,892500.0,Delhi,16.5,1.1,55.00000000000001,500447.0
Granite Slabs,Grade E,100.0,sq.ft,3.7,60.1,19000.0,19950.0,Mysuru,37.2,0.95,0.0,0.0
Corrugated Roofing Sheets,Grade D,800.0,sq.ft,5.6,80.7,52000.0,54600.0,Hyderabad,46.3,1.05,22.0,6107.0
Corrugated Roofing Sheets,Grade C,1200.0,sq.ft,1.2,67.2,78000.0,81900.0,Mumbai,12.6,1.18,38.0,18972.0
Structural Wood / Timber,Grade B,1200.0,sq.ft,1.9,30.3,156000.0,163800.0,Chennai,47.8,1.02,55.00000000000001,71877.0
Electrical Wiring & Panels,Grade B,1000.0,Pieces,0.7,14.0,220000.0,231000.0,Hyderabad,37.4,1.05,55.00000000000001,119146.0
Granite Slabs,Grade A,800.0,sq.ft,1.4,20.4,152000.0,159600.0,Delhi,25.9,1.1,75.0,115920.0
Asbestos / Hazardous Sheeting,Grade E,100.0,sq.ft,1.0,51.2,0.0,0.0,Hyderabad,6.5,1.05,0.0,0.0
Cement Blocks,Grade A,5000.0,Pieces,1.5,27.1,260000.0,273000.0,Delhi,23.7,1.1,75.0,188763.0
Mixed Demolition Waste,Grade A,10.0,Tonnes,1.4,22.9,4500.0,4725.0,Mumbai,31.4,1.18,75.0,3552.0
Construction Sand,Grade C,10.0,Tonnes,3.7,21.3,18000.0,18900.0,Bangalore,42.9,1.12,38.0,6155.0
Red Bricks,Grade A,2000.0,Pieces,0.9,9.5,22000.0,23100.0,Mysuru,7.3,0.95,75.0,14236.0
Marble Slabs,Grade B,800.0,sq.ft,0.2,20.5,168000.0,176400.0,Bangalore,21.0,1.12,55.00000000000001,90946.0
PVC Pipes,Grade A,200.0,Pieces,1.7,29.3,52000.0,54600.0,Mysuru,22.9,0.95,75.0,27657.0
Galvanized Iron (GI) Pipes,Grade B,1000.0,Pieces,1.0,17.9,550000.0,577500.0,Hyderabad,16.1,1.05,55.00000000000001,278352.0
Aluminum Windows,Grade E,1000.0,Pieces,6.1,63.2,2800000.0,2940000.0,Mysuru,17.5,0.95,0.0,0.0
Structural Wood / Timber,Grade B,250.0,sq.ft,5.1,22.6,32500.0,34125.0,Mumbai,14.0,1.18,55.00000000000001,18987.0
Cement Blocks,Grade D,500.0,Pieces,1.9,67.9,26000.0,27300.0,Mysuru,27.9,0.95,22.0,3183.0
Cement Blocks,Grade B,5000.0,Pieces,1.3,5.1,260000.0,273000.0,Pune,28.4,1.06,55.00000000000001,147032.0
Construction Sand,Grade D,15.0,Tonnes,7.7,56.1,27000.0,28350.0,Delhi,6.8,1.1,22.0,4521.0
Corrugated Roofing Sheets,Grade B,250.0,sq.ft,3.9,4.4,16250.0,17062.5,Bangalore,24.1,1.12,55.00000000000001,9583.0
TMT Steel Rods,Grade B,1500.0,kg,2.4,4.2,87000.0,91350.0,Pune,19.1,1.06,55.00000000000001,49875.0
Sanitaryware Ceramics,Grade B,100.0,Pieces,1.6,28.0,85000.0,89250.0,Pune,39.5,1.06,55.00000000000001,42026.0
Cement Blocks,Grade D,500.0,Pieces,4.3,71.1,26000.0,27300.0,Delhi,35.2,1.1,22.0,3609.0
Marble Slabs,Grade A,250.0,sq.ft,6.2,26.5,52500.0,55125.0,Bangalore,26.6,1.12,75.0,36385.0
Structural Wood / Timber,Grade A,250.0,sq.ft,1.2,26.3,32500.0,34125.0,Mumbai,40.1,1.18,75.0,23535.0
PVC Pipes,Grade A,1000.0,Pieces,0.6,8.8,260000.0,273000.0,Chennai,38.6,1.02,75.0,184705.0
Sanitaryware Ceramics,Grade C,500.0,Pieces,0.3,84.0,425000.0,446250.0,Mumbai,28.3,1.18,38.0,96334.0
Natural Stone Slabs,Grade B,15.0,Tonnes,8.2,35.2,16500.0,17325.0,Hyderabad,15.0,1.05,55.00000000000001,7891.0
Electrical Wiring & Panels,Grade A,500.0,Pieces,14.6,28.6,110000.0,115500.0,Chennai,34.6,1.02,75.0,67422.0
PVC Pipes,Grade B,1000.0,Pieces,4.4,19.8,260000.0,273000.0,Chennai,24.0,1.02,55.00000000000001,128046.0
Mixed Demolition Waste,Grade B,40.0,Tonnes,2.5,2.5,18000.0,18900.0,Mysuru,7.4,0.95,55.00000000000001,9365.0
PVC Pipes,Grade B,500.0,Pieces,0.4,12.0,130000.0,136500.0,Bangalore,30.8,1.12,55.00000000000001,74583.0
Red Bricks,Grade D,100.0,Pieces,1.8,62.6,1100.0,1155.0,Hyderabad,18.7,1.05,22.0,162.0
Sanitaryware Ceramics,Grade B,5000.0,Pieces,3.4,5.0,4250000.0,4462500.0,Delhi,31.8,1.1,55.00000000000001,2446092.0
Cement Blocks,Grade B,200.0,Pieces,1.5,23.1,10400.0,10920.0,Mysuru,49.1,0.95,55.00000000000001,4717.0
Marble Slabs,Grade B,500.0,sq.ft,1.8,26.8,105000.0,110250.0,Mysuru,40.4,0.95,55.00000000000001,46859.0
Natural Stone Slabs,Grade B,5.0,Tonnes,3.6,18.0,5500.0,5775.0,Hyderabad,27.7,1.05,55.00000000000001,2855.0
Electrical Wiring & Panels,Grade B,1000.0,Pieces,9.2,32.8,220000.0,231000.0,Pune,43.2,1.06,55.00000000000001,102140.0
Red Bricks,Grade B,500.0,Pieces,5.1,6.2,5500.0,5775.0,Chennai,14.2,1.02,55.00000000000001,3045.0
Concrete Rubble,Grade B,10.0,Tonnes,0.4,27.8,12000.0,12600.0,Pune,30.3,1.06,55.00000000000001,6231.0
Structural Wood / Timber,Grade A,1200.0,sq.ft,3.6,16.0,156000.0,163800.0,Mumbai,14.0,1.18,75.0,128709.0
Corrugated Roofing Sheets,Grade C,800.0,sq.ft,0.9,74.5,52000.0,54600.0,Bangalore,30.1,1.12,38.0,12991.0
Ceramic Floor Tiles,Grade E,100.0,sq.ft,0.2,71.1,4200.0,4410.0,Bangalore,11.7,1.12,0.0,0.0
Marble Slabs,Grade B,250.0,sq.ft,0.3,21.7,52500.0,55125.0,Hyderabad,50.0,1.05,55.00000000000001,27065.0
Galvanized Iron (GI) Pipes,Grade C,5000.0,Pieces,5.4,64.5,2750000.0,2887500.0,Delhi,40.4,1.1,38.0,684283.0
Marble Slabs,Grade C,250.0,sq.ft,0.9,66.0,52500.0,55125.0,Bangalore,28.0,1.12,38.0,13037.0
Concrete Rubble,Grade B,10.0,Tonnes,3.6,6.7,12000.0,12600.0,Chennai,37.5,1.02,55.00000000000001,6612.0
Mixed Demolition Waste,Grade B,60.0,Tonnes,4.6,17.7,27000.0,28350.0,Bangalore,11.1,1.12,55.00000000000001,15759.0
Aluminum Windows,Grade B,1000.0,Pieces,9.6,19.1,2800000.0,2940000.0,Mumbai,22.7,1.18,55.00000000000001,1548685.0
Asbestos / Hazardous Sheeting,Grade E,100.0,sq.ft,1.3,62.3,0.0,0.0,Pune,31.3,1.06,0.0,0.0
Granite Slabs,Grade B,1200.0,sq.ft,7.3,12.6,228000.0,239400.0,Hyderabad,14.8,1.05,55.00000000000001,114472.0
Structural Wood / Timber,Grade D,100.0,sq.ft,2.1,46.5,13000.0,13650.0,Mumbai,44.9,1.18,22.0,2406.0
TMT Steel Rods,Grade B,3000.0,kg,1.4,12.8,174000.0,182700.0,Chennai,48.5,1.02,55.00000000000001,95338.0
Window Glass,Grade D,100.0,sq.ft,4.2,49.8,7500.0,7875.0,Pune,48.9,1.06,22.0,1284.0
Concrete Rubble,Grade D,60.0,Tonnes,9.8,71.2,72000.0,75600.0,Bangalore,46.5,1.12,22.0,10006.0
PVC Pipes,Grade B,1000.0,Pieces,1.0,12.2,260000.0,273000.0,Chennai,28.0,1.02,55.00000000000001,142538.0
TMT Steel Rods,Grade B,1000.0,kg,0.8,29.3,58000.0,60900.0,Hyderabad,11.7,1.05,55.00000000000001,29058.0
Corrugated Roofing Sheets,Grade C,500.0,sq.ft,6.9,64.9,32500.0,34125.0,Mumbai,17.3,1.18,38.0,9309.0
TMT Steel Rods,Grade B,200.0,kg,0.4,14.6,11600.0,12180.0,Pune,23.8,1.06,55.00000000000001,5978.0
PVC Pipes,Grade B,50.0,Pieces,2.2,23.1,13000.0,13650.0,Delhi,15.9,1.1,55.00000000000001,6901.0
Granite Slabs,Grade B,500.0,sq.ft,3.1,5.8,95000.0,99750.0,Pune,33.5,1.06,55.00000000000001,58488.0
Construction Sand,Grade B,25.0,Tonnes,1.1,3.7,45000.0,47250.0,Chennai,5.9,1.02,55.00000000000001,24868.0
Red Bricks,Grade C,5000.0,Pieces,4.0,71.9,55000.0,57750.0,Chennai,14.0,1.02,38.0,12051.0
Galvanized Iron (GI) Pipes,Grade A,1000.0,Pieces,3.1,9.6,550000.0,577500.0,Delhi,26.1,1.1,75.0,430844.0
Structural Wood / Timber,Grade B,1200.0,sq.ft,0.4,16.3,156000.0,163800.0,Hyderabad,17.6,1.05,55.00000000000001,76593.0
Marble Slabs,Grade B,500.0,sq.ft,5.6,14.5,105000.0,110250.0,Bangalore,6.5,1.12,55.00000000000001,64581.0
Granite Slabs,Grade B,1200.0,sq.ft,2.0,10.3,228000.0,239400.0,Bangalore,15.9,1.12,55.00000000000001,129581.0
PVC Pipes,Grade B,500.0,Pieces,3.6,41.1,130000.0,136500.0,Mysuru,11.6,0.95,55.00000000000001,48302.0
Construction Sand,Grade D,25.0,Tonnes,1.8,73.8,45000.0,47250.0,Pune,37.3,1.06,22.0,5679.0
Mixed Demolition Waste,Grade C,15.0,Tonnes,0.8,78.3,6750.0,7087.5,Mumbai,34.0,1.18,38.0,1574.0
Construction Sand,Grade A,60.0,Tonnes,2.3,15.2,108000.0,113400.0,Hyderabad,40.3,1.05,75.0,72646.0
Red Bricks,Grade C,200.0,Pieces,3.6,69.8,2200.0,2310.0,Pune,32.3,1.06,38.0,508.0
Red Bricks,Grade B,500.0,Pieces,1.6,24.7,5500.0,5775.0,Delhi,39.8,1.1,55.00000000000001,2945.0
Window Glass,Grade B,250.0,sq.ft,2.3,11.2,18750.0,19687.5,Hyderabad,40.4,1.05,55.00000000000001,10819.0
Corrugated Roofing Sheets,Grade C,500.0,sq.ft,3.8,69.7,32500.0,34125.0,Mysuru,14.6,0.95,38.0,6573.0
Marble Slabs,Grade C,500.0,sq.ft,8.0,51.4,105000.0,110250.0,Bangalore,24.5,1.12,38.0,30293.0
Structural Wood / Timber,Grade C,800.0,sq.ft,7.9,80.3,104000.0,109200.0,Bangalore,31.3,1.12,38.0,22929.0
Asbestos / Hazardous Sheeting,Grade E,500.0,sq.ft,0.5,75.1,0.0,0.0,Bangalore,34.6,1.12,0.0,0.0
Aluminum Windows,Grade B,2000.0,Pieces,1.5,17.2,5600000.0,5880000.0,Delhi,43.1,1.1,55.00000000000001,3145189.0
Sanitaryware Ceramics,Grade A,500.0,Pieces,7.4,7.2,425000.0,446250.0,Pune,8.6,1.06,75.0,346976.0
Red Bricks,Grade A,100.0,Pieces,5.0,21.1,1100.0,1155.0,Chennai,23.6,1.02,75.0,733.0
Sanitaryware Ceramics,Grade C,100.0,Pieces,1.5,54.7,85000.0,89250.0,Mysuru,30.5,0.95,38.0,21391.0
TMT Steel Rods,Grade D,200.0,kg,6.4,85.0,11600.0,12180.0,Mysuru,24.6,0.95,22.0,1150.0
TMT Steel Rods,Grade C,1500.0,kg,6.8,42.1,87000.0,91350.0,Chennai,10.6,1.02,38.0,24763.0
Red Bricks,Grade B,100.0,Pieces,2.1,15.0,1100.0,1155.0,Pune,40.8,1.06,55.00000000000001,565.0
Aluminum Windows,Grade D,5000.0,Pieces,5.4,68.9,14000000.0,14700000.0,Mumbai,29.4,1.18,22.0,1979558.0
Sanitaryware Ceramics,Grade B,50.0,Pieces,0.4,9.3,42500.0,44625.0,Delhi,48.6,1.1,55.00000000000001,22822.0
Granite Slabs,Grade E,100.0,sq.ft,5.3,72.1,19000.0,19950.0,Pune,18.0,1.06,0.0,0.0
TMT Steel Rods,Grade C,1000.0,kg,1.6,78.3,58000.0,60900.0,Mysuru,32.0,0.95,38.0,11590.0
Ceramic Floor Tiles,Grade B,100.0,sq.ft,5.7,11.1,4200.0,4410.0,Mumbai,35.2,1.18,55.00000000000001,2570.0
Concrete Rubble,Grade C,60.0,Tonnes,2.3,44.0,72000.0,75600.0,Mumbai,48.8,1.18,38.0,24630.0
Natural Stone Slabs,Grade B,10.0,Tonnes,0.2,6.0,11000.0,11550.0,Bangalore,25.7,1.12,55.00000000000001,6438.0
Corrugated Roofing Sheets,Grade A,500.0,sq.ft,0.3,30.5,32500.0,34125.0,Chennai,28.6,1.02,75.0,18777.0
Sanitaryware Ceramics,Grade B,500.0,Pieces,5.1,24.2,425000.0,446250.0,Chennai,27.4,1.02,55.00000000000001,196930.0
Aluminum Windows,Grade A,100.0,Pieces,5.9,22.4,280000.0,294000.0,Bangalore,6.2,1.12,75.0,208370.0
Granite Slabs,Grade A,500.0,sq.ft,3.9,31.5,95000.0,99750.0,Hyderabad,40.5,1.05,75.0,58927.0
Galvanized Iron (GI) Pipes,Grade B,50.0,Pieces,6.6,16.6,27500.0,28875.0,Bangalore,19.7,1.12,55.00000000000001,15190.0
Galvanized Iron (GI) Pipes,Grade C,5000.0,Pieces,2.2,41.3,2750000.0,2887500.0,Bangalore,35.6,1.12,38.0,873782.0
Sanitaryware Ceramics,Grade D,50.0,Pieces,0.4,69.0,42500.0,44625.0,Chennai,5.1,1.02,22.0,5456.0
Sanitaryware Ceramics,Grade B,1000.0,Pieces,5.3,16.0,850000.0,892500.0,Hyderabad,43.9,1.05,55.00000000000001,429102.0
Natural Stone Slabs,Grade B,5.0,Tonnes,0.6,12.4,5500.0,5775.0,Chennai,18.9,1.02,55.00000000000001,2780.0
Sanitaryware Ceramics,Grade A,5000.0,Pieces,0.8,12.7,4250000.0,4462500.0,Mumbai,24.5,1.18,75.0,3495509.0
Concrete Rubble,Grade B,5.0,Tonnes,1.3,21.4,6000.0,6300.0,Mumbai,5.4,1.18,55.00000000000001,3371.0
Asbestos / Hazardous Sheeting,Grade E,800.0,sq.ft,2.1,71.2,0.0,0.0,Hyderabad,33.2,1.05,0.0,0.0
Ceramic Floor Tiles,Grade A,250.0,sq.ft,2.6,11.2,10500.0,11025.0,Chennai,47.7,1.02,75.0,7226.0
Red Bricks,Grade D,5000.0,Pieces,7.9,67.5,55000.0,57750.0,Pune,29.1,1.06,22.0,7452.0
Structural Wood / Timber,Grade B,800.0,sq.ft,2.3,22.6,104000.0,109200.0,Delhi,48.3,1.1,55.00000000000001,52071.0
Granite Slabs,Grade C,1200.0,sq.ft,0.4,81.4,228000.0,239400.0,Chennai,35.7,1.02,38.0,46053.0
Galvanized Iron (GI) Pipes,Grade C,100.0,Pieces,2.7,60.4,55000.0,57750.0,Mumbai,35.9,1.18,38.0,15701.0
Electrical Wiring & Panels,Grade C,500.0,Pieces,12.5,65.5,110000.0,115500.0,Mysuru,22.2,0.95,38.0,23997.0
Flush Doors,Grade B,100.0,Pieces,2.7,12.1,420000.0,441000.0,Hyderabad,16.0,1.05,55.00000000000001,213020.0
Galvanized Iron (GI) Pipes,Grade B,5000.0,Pieces,7.4,13.1,2750000.0,2887500.0,Pune,24.7,1.06,55.00000000000001,1511039.0
PVC Pipes,Grade B,1000.0,Pieces,0.2,32.9,260000.0,273000.0,Bangalore,40.9,1.12,55.00000000000001,124181.0
Flush Doors,Grade A,500.0,Pieces,0.8,16.2,2100000.0,2205000.0,Mumbai,11.0,1.18,75.0,1665864.0
Mixed Demolition Waste,Grade B,10.0,Tonnes,4.1,17.8,4500.0,4725.0,Mysuru,39.3,0.95,55.00000000000001,2194.0
Natural Stone Slabs,Grade B,15.0,Tonnes,0.9,5.2,16500.0,17325.0,Bangalore,43.3,1.12,55.00000000000001,10051.0
Red Bricks,Grade A,50.0,Pieces,2.6,14.5,550.0,577.5,Delhi,14.4,1.1,75.0,419.0
Aluminum Windows,Grade A,1000.0,Pieces,0.9,24.1,2800000.0,2940000.0,Bangalore,34.5,1.12,75.0,2016916.0
Flush Doors,Grade B,2000.0,Pieces,4.1,5.7,8400000.0,8820000.0,Mysuru,7.2,0.95,55.00000000000001,3928819.0
Galvanized Iron (GI) Pipes,Grade C,100.0,Pieces,1.1,82.5,55000.0,57750.0,Hyderabad,31.9,1.05,38.0,11922.0
Structural Wood / Timber,Grade A,250.0,sq.ft,0.9,9.3,32500.0,34125.0,Mumbai,27.2,1.18,75.0,26247.0
Concrete Rubble,Grade B,15.0,Tonnes,1.3,37.1,18000.0,18900.0,Mumbai,37.2,1.18,55.00000000000001,9499.0
Structural Wood / Timber,Grade C,100.0,sq.ft,0.8,81.3,13000.0,13650.0,Bangalore,34.0,1.12,38.0,2714.0
Ceramic Floor Tiles,Grade B,1200.0,sq.ft,8.8,15.6,50400.0,52920.0,Mumbai,19.5,1.18,55.00000000000001,28106.0
Structural Wood / Timber,Grade C,800.0,sq.ft,3.2,38.1,104000.0,109200.0,Mumbai,7.5,1.18,38.0,37361.0
TMT Steel Rods,Grade A,3000.0,kg,3.8,11.8,174000.0,182700.0,Bangalore,48.6,1.12,75.0,136124.0
Marble Slabs,Grade E,1200.0,sq.ft,2.7,49.4,252000.0,264600.0,Pune,10.8,1.06,0.0,0.0
Asbestos / Hazardous Sheeting,Grade E,1200.0,sq.ft,3.6,35.8,0.0,0.0,Pune,17.6,1.06,0.0,0.0
TMT Steel Rods,Grade C,200.0,kg,9.2,66.1,11600.0,12180.0,Chennai,13.8,1.02,38.0,2606.0
Sanitaryware Ceramics,Grade C,1000.0,Pieces,5.8,46.6,850000.0,892500.0,Chennai,29.5,1.02,38.0,245692.0
Ceramic Floor Tiles,Grade E,800.0,sq.ft,1.6,70.8,33600.0,35280.0,Hyderabad,39.0,1.05,0.0,0.0
Corrugated Roofing Sheets,Grade A,100.0,sq.ft,0.8,22.5,6500.0,6825.0,Hyderabad,8.0,1.05,75.0,4645.0
Sanitaryware Ceramics,Grade A,500.0,Pieces,5.0,10.9,425000.0,446250.0,Bangalore,23.5,1.12,75.0,300167.0
Structural Wood / Timber,Grade A,800.0,sq.ft,0.2,8.6,104000.0,109200.0,Pune,29.1,1.06,75.0,77890.0
Flush Doors,Grade B,1000.0,Pieces,3.3,20.4,4200000.0,4410000.0,Mysuru,23.7,0.95,55.00000000000001,1879654.0
TMT Steel Rods,Grade D,1500.0,kg,1.3,62.1,87000.0,91350.0,Pune,43.6,1.06,22.0,12691.0
TMT Steel Rods,Grade A,1000.0,kg,1.0,17.0,58000.0,60900.0,Mysuru,7.6,0.95,75.0,36041.0
Aluminum Windows,Grade D,200.0,Pieces,1.8,53.0,560000.0,588000.0,Bangalore,38.5,1.12,22.0,94801.0
Concrete Rubble,Grade B,15.0,Tonnes,1.6,21.2,18000.0,18900.0,Chennai,16.1,1.02,55.00000000000001,9235.0
Natural Stone Slabs,Grade D,40.0,Tonnes,2.0,58.9,44000.0,46200.0,Delhi,23.0,1.1,22.0,7343.0
PVC Pipes,Grade D,50.0,Pieces,0.3,54.3,13000.0,13650.0,Pune,12.9,1.06,22.0,2138.0
PVC Pipes,Grade D,200.0,Pieces,2.4,54.0,52000.0,54600.0,Pune,19.2,1.06,22.0,8251.0
Aluminum Windows,Grade D,5000.0,Pieces,6.3,64.6,14000000.0,14700000.0,Mumbai,44.4,1.18,22.0,2245607.0
Flush Doors,Grade A,100.0,Pieces,3.8,21.1,420000.0,441000.0,Pune,42.9,1.06,75.0,302194.0
Construction Sand,Grade B,25.0,Tonnes,3.9,5.3,45000.0,47250.0,Chennai,40.9,1.02,55.00000000000001,24579.0
Electrical Wiring & Panels,Grade D,5000.0,Pieces,10.6,74.1,1100000.0,1155000.0,Mumbai,37.1,1.18,22.0,156337.0
Electrical Wiring & Panels,Grade B,100.0,Pieces,1.8,25.3,22000.0,23100.0,Chennai,25.2,1.02,55.00000000000001,9821.0
Concrete Rubble,Grade C,60.0,Tonnes,1.1,75.1,72000.0,75600.0,Pune,15.1,1.06,38.0,16344.0
Granite Slabs,Grade B,500.0,sq.ft,10.3,12.7,95000.0,99750.0,Delhi,17.3,1.1,55.00000000000001,53535.0
Electrical Wiring & Panels,Grade A,100.0,Pieces,1.6,18.0,22000.0,23100.0,Pune,9.7,1.06,75.0,16550.0
PVC Pipes,Grade C,500.0,Pieces,4.9,65.0,130000.0,136500.0,Pune,31.5,1.06,38.0,31772.0
Ceramic Floor Tiles,Grade B,250.0,sq.ft,4.9,8.6,10500.0,11025.0,Hyderabad,43.7,1.05,55.00000000000001,5453.0
Cement Blocks,Grade B,500.0,Pieces,0.8,8.1,26000.0,27300.0,Bangalore,48.0,1.12,55.00000000000001,16112.0
Mixed Demolition Waste,Grade A,10.0,Tonnes,3.3,5.7,4500.0,4725.0,Chennai,18.0,1.02,75.0,3449.0
Cement Blocks,Grade D,100.0,Pieces,2.7,70.6,5200.0,5460.0,Chennai,40.4,1.02,22.0,645.0
Galvanized Iron (GI) Pipes,Grade B,200.0,Pieces,4.8,16.2,110000.0,115500.0,Chennai,42.4,1.02,55.00000000000001,54134.0
Construction Sand,Grade A,25.0,Tonnes,0.8,20.0,45000.0,47250.0,Pune,5.5,1.06,75.0,28719.0
Natural Stone Slabs,Grade A,25.0,Tonnes,0.4,8.6,27500.0,28875.0,Hyderabad,36.2,1.05,75.0,19521.0
Flush Doors,Grade B,50.0,Pieces,3.0,15.4,210000.0,220500.0,Hyderabad,33.5,1.05,55.00000000000001,101414.0
PVC Pipes,Grade A,500.0,Pieces,7.7,21.9,130000.0,136500.0,Chennai,33.0,1.02,75.0,88152.0
Red Bricks,Grade A,1000.0,Pieces,5.6,30.0,11000.0,11550.0,Pune,41.9,1.06,75.0,7164.0
Marble Slabs,Grade E,500.0,sq.ft,3.9,66.5,105000.0,110250.0,Delhi,8.0,1.1,0.0,0.0
Sanitaryware Ceramics,Grade A,1000.0,Pieces,7.6,9.7,850000.0,892500.0,Pune,33.6,1.06,75.0,596478.0
Red Bricks,Grade A,200.0,Pieces,2.7,21.4,2200.0,2310.0,Mumbai,5.9,1.18,75.0,1551.0
Structural Wood / Timber,Grade B,100.0,sq.ft,3.5,14.9,13000.0,13650.0,Mumbai,48.7,1.18,55.00000000000001,7697.0
Window Glass,Grade B,100.0,sq.ft,2.7,20.6,7500.0,7875.0,Chennai,29.6,1.02,55.00000000000001,3860.0
Construction Sand,Grade B,15.0,Tonnes,3.6,12.0,27000.0,28350.0,Delhi,18.5,1.1,55.00000000000001,15604.0
Cement Blocks,Grade C,100.0,Pieces,1.1,45.7,5200.0,5460.0,Mysuru,7.1,0.95,38.0,1378.0
Asbestos / Hazardous Sheeting,Grade E,1200.0,sq.ft,1.0,47.8,0.0,0.0,Chennai,5.5,1.02,0.0,0.0
Galvanized Iron (GI) Pipes,Grade B,500.0,Pieces,1.9,21.0,275000.0,288750.0,Mysuru,18.3,0.95,55.00000000000001,126220.0
Granite Slabs,Grade A,500.0,sq.ft,2.1,17.0,95000.0,99750.0,Pune,47.5,1.06,75.0,69162.0
Construction Sand,Grade A,5.0,Tonnes,9.0,39.2,9000.0,9450.0,Mumbai,36.8,1.18,75.0,6197.0
Mixed Demolition Waste,Grade B,25.0,Tonnes,4.6,32.2,11250.0,11812.5,Mumbai,30.5,1.18,55.00000000000001,5670.0
Marble Slabs,Grade B,100.0,sq.ft,1.6,9.3,21000.0,22050.0,Delhi,13.0,1.1,55.00000000000001,11929.0
Structural Wood / Timber,Grade B,500.0,sq.ft,10.2,38.8,65000.0,68250.0,Bangalore,46.5,1.12,55.00000000000001,31374.0
Flush Doors,Grade B,100.0,Pieces,0.8,41.4,420000.0,441000.0,Pune,31.0,1.06,55.00000000000001,186821.0
Flush Doors,Grade C,100.0,Pieces,0.6,62.8,420000.0,441000.0,Mysuru,14.0,0.95,38.0,100252.0
Sanitaryware Ceramics,Grade A,500.0,Pieces,1.2,12.0,425000.0,446250.0,Mysuru,19.0,0.95,75.0,282152.0
Corrugated Roofing Sheets,Grade B,100.0,sq.ft,3.2,23.3,6500.0,6825.0,Chennai,48.7,1.02,55.00000000000001,3287.0
TMT Steel Rods,Grade C,1500.0,kg,0.8,88.0,87000.0,91350.0,Mysuru,9.5,0.95,38.0,14912.0
Natural Stone Slabs,Grade A,15.0,Tonnes,0.5,13.9,16500.0,17325.0,Bangalore,36.7,1.12,75.0,13350.0
PVC Pipes,Grade A,1000.0,Pieces,3.7,32.0,260000.0,273000.0,Delhi,25.9,1.1,75.0,169261.0
Red Bricks,Grade B,1000.0,Pieces,1.9,24.1,11000.0,11550.0,Pune,15.1,1.06,55.00000000000001,5311.0
Cement Blocks,Grade D,50.0,Pieces,4.5,28.2,2600.0,2730.0,Bangalore,23.0,1.12,22.0,549.0
PVC Pipes,Grade B,50.0,Pieces,1.0,45.3,13000.0,13650.0,Delhi,22.7,1.1,55.00000000000001,5799.0
Corrugated Roofing Sheets,Grade C,1200.0,sq.ft,6.0,35.8,78000.0,81900.0,Chennai,49.5,1.02,38.0,23191.0
Ceramic Floor Tiles,Grade B,500.0,sq.ft,3.0,42.4,21000.0,22050.0,Bangalore,35.4,1.12,55.00000000000001,9821.0
Asbestos / Hazardous Sheeting,Grade E,500.0,sq.ft,4.1,48.5,0.0,0.0,Hyderabad,22.9,1.05,0.0,0.0
Natural Stone Slabs,Grade B,10.0,Tonnes,1.3,15.0,11000.0,11550.0,Hyderabad,44.8,1.05,55.00000000000001,5675.0
Window Glass,Grade B,800.0,sq.ft,2.9,4.6,60000.0,63000.0,Pune,41.0,1.06,55.00000000000001,33063.0
Structural Wood / Timber,Grade D,500.0,sq.ft,3.9,72.5,65000.0,68250.0,Delhi,42.7,1.1,22.0,9544.0
Electrical Wiring & Panels,Grade A,100.0,Pieces,7.1,15.1,22000.0,23100.0,Chennai,29.6,1.02,75.0,15107.0
TMT Steel Rods,Grade A,500.0,kg,2.2,3.5,29000.0,30450.0,Mysuru,47.9,0.95,75.0,20691.0
Corrugated Roofing Sheets,Grade B,1200.0,sq.ft,2.4,9.4,78000.0,81900.0,Pune,23.6,1.06,55.00000000000001,39278.0
Mixed Demolition Waste,Grade A,40.0,Tonnes,1.9,7.9,18000.0,18900.0,Pune,41.4,1.06,75.0,14602.0
Mixed Demolition Waste,Grade B,15.0,Tonnes,7.2,16.7,6750.0,7087.5,Mumbai,9.9,1.18,55.00000000000001,4039.0
Window Glass,Grade B,1200.0,sq.ft,3.3,4.3,90000.0,94500.0,Hyderabad,48.3,1.05,55.00000000000001,50170.0
Structural Wood / Timber,Grade D,100.0,sq.ft,1.1,54.9,13000.0,13650.0,Delhi,47.7,1.1,22.0,2183.0
Concrete Rubble,Grade C,60.0,Tonnes,4.9,57.6,72000.0,75600.0,Delhi,43.5,1.1,38.0,20052.0
Cement Blocks,Grade A,5000.0,Pieces,1.4,33.8,260000.0,273000.0,Pune,32.1,1.06,75.0,167363.0
Natural Stone Slabs,Grade A,15.0,Tonnes,1.2,3.1,16500.0,17325.0,Pune,36.5,1.06,75.0,13409.0
Granite Slabs,Grade A,250.0,sq.ft,2.3,19.5,47500.0,49875.0,Chennai,41.7,1.02,75.0,29095.0
Flush Doors,Grade B,5000.0,Pieces,0.4,19.9,21000000.0,22050000.0,Hyderabad,22.1,1.05,55.00000000000001,11095185.0
Galvanized Iron (GI) Pipes,Grade A,50.0,Pieces,1.5,14.1,27500.0,28875.0,Delhi,44.8,1.1,75.0,21517.0
Red Bricks,Grade E,5000.0,Pieces,1.8,22.1,55000.0,57750.0,Mysuru,27.6,0.95,0.0,0.0
Galvanized Iron (GI) Pipes,Grade B,5000.0,Pieces,4.2,12.0,2750000.0,2887500.0,Delhi,20.1,1.1,55.00000000000001,1518384.0
Mixed Demolition Waste,Grade D,25.0,Tonnes,10.7,85.9,11250.0,11812.5,Mumbai,49.9,1.18,22.0,1484.0
Red Bricks,Grade B,50.0,Pieces,0.2,27.1,550.0,577.5,Delhi,8.4,1.1,55.00000000000001,267.0
TMT Steel Rods,Grade A,3000.0,kg,6.2,14.3,174000.0,182700.0,Mysuru,42.0,0.95,75.0,121623.0
Flush Doors,Grade B,500.0,Pieces,3.9,15.1,2100000.0,2205000.0,Mumbai,17.4,1.18,55.00000000000001,1235761.0
Mixed Demolition Waste,Grade B,25.0,Tonnes,12.8,22.3,11250.0,11812.5,Chennai,39.0,1.02,55.00000000000001,5246.0
Red Bricks,Grade B,5000.0,Pieces,6.3,11.6,55000.0,57750.0,Bangalore,10.0,1.12,55.00000000000001,29546.0
Window Glass,Grade B,250.0,sq.ft,1.1,24.7,18750.0,19687.5,Mumbai,13.8,1.18,55.00000000000001,10071.0
Asbestos / Hazardous Sheeting,Grade E,800.0,sq.ft,6.1,31.7,0.0,0.0,Hyderabad,37.0,1.05,0.0,0.0
Asbestos / Hazardous Sheeting,Grade E,500.0,sq.ft,3.4,39.8,0.0,0.0,Delhi,13.2,1.1,0.0,0.0
Cement Blocks,Grade B,1000.0,Pieces,0.4,6.8,52000.0,54600.0,Pune,49.8,1.06,55.00000000000001,29475.0
TMT Steel Rods,Grade C,500.0,kg,10.3,62.8,29000.0,30450.0,Chennai,15.0,1.02,38.0,6891.0
Asbestos / Hazardous Sheeting,Grade E,1200.0,sq.ft,0.5,86.4,0.0,0.0,Delhi,18.1,1.1,0.0,0.0
Window Glass,Grade D,250.0,sq.ft,2.0,59.4,18750.0,19687.5,Pune,44.2,1.06,22.0,2817.0
Structural Wood / Timber,Grade C,100.0,sq.ft,1.1,75.0,13000.0,13650.0,Mysuru,49.2,0.95,38.0,2522.0
PVC Pipes,Grade B,500.0,Pieces,6.6,32.2,130000.0,136500.0,Pune,40.7,1.06,55.00000000000001,61559.0
Red Bricks,Grade A,1000.0,Pieces,2.2,17.2,11000.0,11550.0,Chennai,33.3,1.02,75.0,7048.0
PVC Pipes,Grade A,100.0,Pieces,8.5,3.8,26000.0,27300.0,Pune,36.5,1.06,75.0,19360.0
TMT Steel Rods,Grade A,1000.0,kg,0.6,12.5,58000.0,60900.0,Pune,10.6,1.06,75.0,39040.0
Corrugated Roofing Sheets,Grade A,1200.0,sq.ft,2.7,11.0,78000.0,81900.0,Delhi,23.8,1.1,75.0,63137.0
Window Glass,Grade E,1200.0,sq.ft,4.7,37.6,90000.0,94500.0,Mumbai,37.5,1.18,0.0,0.0
Sanitaryware Ceramics,Grade E,1000.0,Pieces,0.3,59.2,850000.0,892500.0,Mumbai,9.4,1.18,0.0,0.0
TMT Steel Rods,Grade A,3000.0,kg,6.3,4.5,174000.0,182700.0,Hyderabad,22.5,1.05,75.0,136162.0
Flush Doors,Grade C,500.0,Pieces,2.2,61.4,2100000.0,2205000.0,Mysuru,21.7,0.95,38.0,468999.0
Galvanized Iron (GI) Pipes,Grade B,5000.0,Pieces,1.4,8.5,2750000.0,2887500.0,Hyderabad,46.1,1.05,55.00000000000001,1448175.0
Electrical Wiring & Panels,Grade D,200.0,Pieces,2.0,42.7,44000.0,46200.0,Bangalore,12.1,1.12,22.0,8185.0
Electrical Wiring & Panels,Grade B,500.0,Pieces,7.7,3.7,110000.0,115500.0,Bangalore,30.8,1.12,55.00000000000001,62571.0
Ceramic Floor Tiles,Grade C,100.0,sq.ft,4.7,42.1,4200.0,4410.0,Bangalore,29.3,1.12,38.0,1376.0
Asbestos / Hazardous Sheeting,Grade E,250.0,sq.ft,3.6,53.3,0.0,0.0,Pune,44.1,1.06,0.0,0.0
Aluminum Windows,Grade D,200.0,Pieces,6.7,53.4,560000.0,588000.0,Chennai,45.9,1.02,22.0,81133.0
Concrete Rubble,Grade A,15.0,Tonnes,2.8,10.3,18000.0,18900.0,Pune,36.3,1.06,75.0,13938.0
Concrete Rubble,Grade A,5.0,Tonnes,2.0,9.7,6000.0,6300.0,Hyderabad,49.2,1.05,75.0,4397.0
Flush Doors,Grade A,2000.0,Pieces,3.3,24.1,8400000.0,8820000.0,Pune,41.5,1.06,75.0,5477767.0
Ceramic Floor Tiles,Grade B,800.0,sq.ft,4.9,11.6,33600.0,35280.0,Chennai,23.1,1.02,55.00000000000001,17677.0
Ceramic Floor Tiles,Grade B,800.0,sq.ft,2.1,7.7,33600.0,35280.0,Chennai,37.6,1.02,55.00000000000001,17472.0
Corrugated Roofing Sheets,Grade C,800.0,sq.ft,2.8,84.3,52000.0,54600.0,Mysuru,33.2,0.95,38.0,9063.0
Flush Doors,Grade B,200.0,Pieces,1.2,12.7,840000.0,882000.0,Hyderabad,20.5,1.05,55.00000000000001,460981.0
Sanitaryware Ceramics,Grade B,200.0,Pieces,0.6,20.1,170000.0,178500.0,Bangalore,24.2,1.12,55.00000000000001,95794.0
Red Bricks,Grade E,200.0,Pieces,4.0,75.5,2200.0,2310.0,Chennai,24.1,1.02,0.0,0.0
Red Bricks,Grade E,100.0,Pieces,7.9,26.0,1100.0,1155.0,Mysuru,15.4,0.95,0.0,0.0
Red Bricks,Grade A,100.0,Pieces,1.0,8.1,1100.0,1155.0,Mumbai,12.9,1.18,75.0,1006.0
Granite Slabs,Grade C,500.0,sq.ft,1.1,75.2,95000.0,99750.0,Bangalore,14.7,1.12,38.0,22154.0
Construction Sand,Grade B,25.0,Tonnes,1.7,18.5,45000.0,47250.0,Pune,41.1,1.06,55.00000000000001,21876.0
Structural Wood / Timber,Grade B,100.0,sq.ft,1.5,29.7,13000.0,13650.0,Chennai,9.8,1.02,55.00000000000001,6009.0
TMT Steel Rods,Grade C,200.0,kg,2.6,56.0,11600.0,12180.0,Chennai,41.9,1.02,38.0,2914.0
Granite Slabs,Grade E,100.0,sq.ft,2.0,61.6,19000.0,19950.0,Delhi,12.9,1.1,0.0,0.0
Structural Wood / Timber,Grade C,250.0,sq.ft,0.2,50.8,32500.0,34125.0,Bangalore,49.6,1.12,38.0,9443.0
Construction Sand,Grade C,25.0,Tonnes,1.4,8.2,45000.0,47250.0,Chennai,8.7,1.02,38.0,16532.0
Granite Slabs,Grade D,1200.0,sq.ft,3.1,80.6,228000.0,239400.0,Bangalore,20.0,1.12,22.0,28823.0
PVC Pipes,Grade C,2000.0,Pieces,4.7,39.0,520000.0,546000.0,Mumbai,30.7,1.18,38.0,179804.0
TMT Steel Rods,Grade B,3000.0,kg,14.1,4.3,174000.0,182700.0,Delhi,21.7,1.1,55.00000000000001,102088.0
Concrete Rubble,Grade B,60.0,Tonnes,7.9,11.6,72000.0,75600.0,Chennai,38.3,1.02,55.00000000000001,38165.0
Galvanized Iron (GI) Pipes,Grade C,500.0,Pieces,3.3,78.3,275000.0,288750.0,Pune,39.4,1.06,38.0,56898.0
Natural Stone Slabs,Grade A,5.0,Tonnes,1.8,26.3,5500.0,5775.0,Mumbai,27.3,1.18,75.0,4145.0
Mixed Demolition Waste,Grade A,10.0,Tonnes,8.9,2.2,4500.0,4725.0,Hyderabad,45.0,1.05,75.0,3384.0
Structural Wood / Timber,Grade C,500.0,sq.ft,3.6,22.3,65000.0,68250.0,Chennai,23.0,1.02,38.0,20825.0
Flush Doors,Grade A,2000.0,Pieces,6.9,16.0,8400000.0,8820000.0,Pune,13.8,1.06,75.0,6061803.0
Sanitaryware Ceramics,Grade A,5000.0,Pieces,1.5,16.0,4250000.0,4462500.0,Bangalore,48.8,1.12,75.0,3049769.0
Structural Wood / Timber,Grade C,100.0,sq.ft,3.5,74.1,13000.0,13650.0,Bangalore,7.3,1.12,38.0,3105.0
Concrete Rubble,Grade B,15.0,Tonnes,1.7,4.7,18000.0,18900.0,Delhi,20.2,1.1,55.00000000000001,11204.0
Asbestos / Hazardous Sheeting,Grade E,500.0,sq.ft,0.4,47.3,0.0,0.0,Pune,7.3,1.06,0.0,0.0
Granite Slabs,Grade A,250.0,sq.ft,4.4,5.1,47500.0,49875.0,Bangalore,30.8,1.12,75.0,41488.0
Construction Sand,Grade B,15.0,Tonnes,0.2,16.2,27000.0,28350.0,Bangalore,47.3,1.12,55.00000000000001,15518.0
Window Glass,Grade B,500.0,sq.ft,2.9,30.9,37500.0,39375.0,Delhi,33.7,1.1,55.00000000000001,18632.0
Sanitaryware Ceramics,Grade B,100.0,Pieces,0.4,21.2,85000.0,89250.0,Pune,13.0,1.06,55.00000000000001,44960.0
Corrugated Roofing Sheets,Grade D,500.0,sq.ft,1.1,47.9,32500.0,34125.0,Hyderabad,34.3,1.05,22.0,4937.0
Window Glass,Grade A,1200.0,sq.ft,1.9,6.2,90000.0,94500.0,Delhi,15.4,1.1,75.0,70381.0
Marble Slabs,Grade A,1200.0,sq.ft,2.3,25.0,252000.0,264600.0,Delhi,40.6,1.1,75.0,162571.0
Red Bricks,Grade B,100.0,Pieces,6.3,16.7,1100.0,1155.0,Mysuru,14.8,0.95,55.00000000000001,530.0
Mixed Demolition Waste,Grade B,15.0,Tonnes,3.0,18.3,6750.0,7087.5,Delhi,29.6,1.1,55.00000000000001,3437.0
PVC Pipes,Grade A,2000.0,Pieces,1.7,2.5,520000.0,546000.0,Mysuru,22.7,0.95,75.0,360062.0
Cement Blocks,Grade C,5000.0,Pieces,4.9,46.1,260000.0,273000.0,Hyderabad,46.2,1.05,38.0,77808.0
Natural Stone Slabs,Grade C,60.0,Tonnes,4.0,27.5,66000.0,69300.0,Delhi,34.9,1.1,38.0,21896.0
Ceramic Floor Tiles,Grade A,500.0,sq.ft,1.7,7.1,21000.0,22050.0,Mumbai,24.5,1.18,75.0,18020.0
TMT Steel Rods,Grade D,3000.0,kg,5.7,65.1,174000.0,182700.0,Hyderabad,32.7,1.05,22.0,24450.0
Galvanized Iron (GI) Pipes,Grade A,5000.0,Pieces,1.4,1.3,2750000.0,2887500.0,Bangalore,43.2,1.12,75.0,2392471.0
Ceramic Floor Tiles,Grade B,800.0,sq.ft,5.0,32.5,33600.0,35280.0,Hyderabad,11.1,1.05,55.00000000000001,15605.0
Mixed Demolition Waste,Grade A,60.0,Tonnes,3.0,30.8,27000.0,28350.0,Delhi,39.0,1.1,75.0,17190.0
Red Bricks,Grade D,2000.0,Pieces,3.5,29.7,22000.0,23100.0,Delhi,48.5,1.1,22.0,4324.0
Granite Slabs,Grade B,250.0,sq.ft,2.3,18.2,47500.0,49875.0,Mumbai,9.5,1.18,55.00000000000001,28217.0
Cement Blocks,Grade A,100.0,Pieces,0.9,20.4,5200.0,5460.0,Hyderabad,22.6,1.05,75.0,3612.0
Sanitaryware Ceramics,Grade A,200.0,Pieces,1.2,30.6,170000.0,178500.0,Bangalore,26.4,1.12,75.0,105656.0
Flush Doors,Grade B,1000.0,Pieces,3.0,14.9,4200000.0,4410000.0,Mumbai,28.5,1.18,55.00000000000001,2386723.0
Red Bricks,Grade A,500.0,Pieces,6.4,16.3,5500.0,5775.0,Pune,18.9,1.06,75.0,3836.0
Red Bricks,Grade B,5000.0,Pieces,4.2,3.0,55000.0,57750.0,Hyderabad,42.9,1.05,55.00000000000001,31575.0
Window Glass,Grade C,1200.0,sq.ft,1.8,61.9,90000.0,94500.0,Bangalore,12.5,1.12,38.0,24698.0
PVC Pipes,Grade B,200.0,Pieces,0.8,16.9,52000.0,54600.0,Delhi,46.6,1.1,55.00000000000001,27833.0
Flush Doors,Grade A,500.0,Pieces,1.1,24.1,2100000.0,2205000.0,Mysuru,9.8,0.95,75.0,1274755.0
Granite Slabs,Grade A,1200.0,sq.ft,0.5,17.6,228000.0,239400.0,Mysuru,12.5,0.95,75.0,142929.0
Natural Stone Slabs,Grade C,60.0,Tonnes,1.7,81.6,66000.0,69300.0,Pune,38.8,1.06,38.0,13946.0
Flush Doors,Grade B,500.0,Pieces,3.8,10.5,2100000.0,2205000.0,Bangalore,11.2,1.12,55.00000000000001,1192047.0
Marble Slabs,Grade B,250.0,sq.ft,4.0,24.1,52500.0,55125.0,Bangalore,24.6,1.12,55.00000000000001,26725.0
Electrical Wiring & Panels,Grade B,100.0,Pieces,0.8,16.2,22000.0,23100.0,Bangalore,42.3,1.12,55.00000000000001,11985.0
Flush Doors,Grade B,1000.0,Pieces,1.7,13.2,4200000.0,4410000.0,Mumbai,38.7,1.18,55.00000000000001,2558653.0
Window Glass,Grade B,800.0,sq.ft,4.5,39.9,60000.0,63000.0,Hyderabad,21.7,1.05,55.00000000000001,27396.0
Asbestos / Hazardous Sheeting,Grade E,1200.0,sq.ft,6.4,77.3,0.0,0.0,Chennai,29.4,1.02,0.0,0.0
Asbestos / Hazardous Sheeting,Grade E,500.0,sq.ft,3.2,54.4,0.0,0.0,Mumbai,32.6,1.18,0.0,0.0
Sanitaryware Ceramics,Grade A,500.0,Pieces,7.9,14.7,425000.0,446250.0,Mysuru,5.0,0.95,75.0,273811.0
Red Bricks,Grade C,2000.0,Pieces,3.8,80.6,22000.0,23100.0,Mumbai,40.6,1.18,38.0,5073.0
Mixed Demolition Waste,Grade C,40.0,Tonnes,2.2,43.4,18000.0,18900.0,Hyderabad,38.5,1.05,38.0,4896.0
Ceramic Floor Tiles,Grade A,1200.0,sq.ft,2.9,34.8,50400.0,52920.0,Mumbai,49.8,1.18,75.0,33574.0
Flush Doors,Grade A,500.0,Pieces,0.9,15.9,2100000.0,2205000.0,Pune,10.0,1.06,75.0,1483319.0
Electrical Wiring & Panels,Grade A,200.0,Pieces,3.1,45.3,44000.0,46200.0,Chennai,13.7,1.02,75.0,25190.0
Construction Sand,Grade D,10.0,Tonnes,0.7,54.2,18000.0,18900.0,Delhi,29.2,1.1,22.0,2929.0
Red Bricks,Grade C,200.0,Pieces,6.5,27.9,2200.0,2310.0,Pune,10.3,1.06,38.0,766.0
Mixed Demolition Waste,Grade A,15.0,Tonnes,1.7,13.2,6750.0,7087.5,Delhi,44.7,1.1,75.0,5153.0
Red Bricks,Grade A,100.0,Pieces,9.7,40.8,1100.0,1155.0,Delhi,18.3,1.1,75.0,716.0
Construction Sand,Grade B,5.0,Tonnes,0.4,15.0,9000.0,9450.0,Mysuru,34.7,0.95,55.00000000000001,4236.0
Flush Doors,Grade B,5000.0,Pieces,11.7,9.8,21000000.0,22050000.0,Delhi,20.0,1.1,55.00000000000001,11440891.0
Natural Stone Slabs,Grade A,60.0,Tonnes,6.2,6.8,66000.0,69300.0,Bangalore,19.7,1.12,75.0,53831.0
Marble Slabs,Grade E,500.0,sq.ft,1.7,40.5,105000.0,110250.0,Mysuru,7.5,0.95,0.0,0.0
Structural Wood / Timber,Grade B,800.0,sq.ft,1.1,16.6,104000.0,109200.0,Mysuru,41.0,0.95,55.00000000000001,48881.0
Natural Stone Slabs,Grade C,25.0,Tonnes,2.6,65.8,27500.0,28875.0,Pune,12.6,1.06,38.0,6436.0
Construction Sand,Grade C,40.0,Tonnes,4.4,45.2,72000.0,75600.0,Bangalore,13.5,1.12,38.0,20604.0
Corrugated Roofing Sheets,Grade B,100.0,sq.ft,0.6,22.9,6500.0,6825.0,Chennai,45.2,1.02,55.00000000000001,3085.0
Natural Stone Slabs,Grade A,60.0,Tonnes,1.9,30.5,66000.0,69300.0,Pune,44.1,1.06,75.0,43951.0
Marble Slabs,Grade B,250.0,sq.ft,4.0,27.0,52500.0,55125.0,Hyderabad,12.7,1.05,55.00000000000001,25312.0
Construction Sand,Grade D,60.0,Tonnes,7.1,37.7,108000.0,113400.0,Delhi,8.4,1.1,22.0,19652.0
Cement Blocks,Grade D,5000.0,Pieces,8.7,63.4,260000.0,273000.0,Bangalore,32.7,1.12,22.0,40627.0
Marble Slabs,Grade C,1200.0,sq.ft,0.7,41.1,252000.0,264600.0,Bangalore,6.6,1.12,38.0,83840.0
Galvanized Iron (GI) Pipes,Grade B,100.0,Pieces,9.9,11.4,55000.0,57750.0,Mumbai,47.9,1.18,55.00000000000001,33972.0
Electrical Wiring & Panels,Grade B,50.0,Pieces,0.8,39.9,11000.0,11550.0,Mysuru,19.5,0.95,55.00000000000001,4128.0
Window Glass,Grade C,1200.0,sq.ft,2.0,65.5,90000.0,94500.0,Hyderabad,46.0,1.05,38.0,22127.0
Ceramic Floor Tiles,Grade E,500.0,sq.ft,0.7,83.6,21000.0,22050.0,Chennai,31.4,1.02,0.0,0.0
Construction Sand,Grade B,5.0,Tonnes,5.4,28.5,9000.0,9450.0,Mumbai,21.3,1.18,55.00000000000001,5155.0
Aluminum Windows,Grade B,100.0,Pieces,1.1,31.2,280000.0,294000.0,Hyderabad,34.4,1.05,55.00000000000001,128794.0
PVC Pipes,Grade D,500.0,Pieces,0.8,75.8,130000.0,136500.0,Delhi,36.3,1.1,22.0,16288.0
Natural Stone Slabs,Grade E,25.0,Tonnes,0.5,60.0,27500.0,28875.0,Mumbai,24.3,1.18,0.0,0.0
Asbestos / Hazardous Sheeting,Grade E,500.0,sq.ft,4.6,87.2,0.0,0.0,Chennai,48.6,1.02,0.0,0.0
Cement Blocks,Grade A,200.0,Pieces,2.8,8.8,10400.0,10920.0,Bangalore,47.0,1.12,75.0,7616.0
Window Glass,Grade A,800.0,sq.ft,7.5,1.5,60000.0,63000.0,Mysuru,14.1,0.95,75.0,40644.0
Concrete Rubble,Grade B,40.0,Tonnes,3.9,14.8,48000.0,50400.0,Pune,17.7,1.06,55.00000000000001,24959.0
Window Glass,Grade E,100.0,sq.ft,0.6,62.1,7500.0,7875.0,Mumbai,46.6,1.18,0.0,0.0
Granite Slabs,Grade B,100.0,sq.ft,0.5,37.7,19000.0,19950.0,Mysuru,29.2,0.95,55.00000000000001,7749.0
PVC Pipes,Grade B,100.0,Pieces,2.6,11.1,26000.0,27300.0,Mysuru,36.2,0.95,55.00000000000001,11417.0
Mixed Demolition Waste,Grade C,25.0,Tonnes,0.9,76.7,11250.0,11812.5,Bangalore,13.4,1.12,38.0,2739.0
Galvanized Iron (GI) Pipes,Grade A,2000.0,Pieces,8.1,12.2,1100000.0,1155000.0,Mysuru,48.2,0.95,75.0,714130.0
Construction Sand,Grade B,25.0,Tonnes,0.5,31.0,45000.0,47250.0,Chennai,30.0,1.02,55.00000000000001,21620.0
Red Bricks,Grade B,100.0,Pieces,7.6,22.9,1100.0,1155.0,Pune,14.7,1.06,55.00000000000001,562.0
Flush Doors,Grade A,100.0,Pieces,0.9,33.1,420000.0,441000.0,Mysuru,45.4,0.95,75.0,247342.0
Mixed Demolition Waste,Grade B,60.0,Tonnes,1.1,26.7,27000.0,28350.0,Mumbai,6.1,1.18,55.00000000000001,15002.0
Granite Slabs,Grade B,100.0,sq.ft,11.3,19.7,19000.0,19950.0,Delhi,22.9,1.1,55.00000000000001,10045.0
Structural Wood / Timber,Grade C,500.0,sq.ft,3.2,67.5,65000.0,68250.0,Chennai,18.2,1.02,38.0,14579.0
Ceramic Floor Tiles,Grade D,500.0,sq.ft,0.8,34.2,21000.0,22050.0,Pune,35.8,1.06,22.0,3702.0
Aluminum Windows,Grade C,5000.0,Pieces,13.1,83.1,14000000.0,14700000.0,Delhi,37.0,1.1,38.0,2983316.0
TMT Steel Rods,Grade A,3000.0,kg,6.0,2.4,174000.0,182700.0,Chennai,48.1,1.02,75.0,127976.0
Marble Slabs,Grade A,250.0,sq.ft,1.2,29.2,52500.0,55125.0,Pune,7.8,1.06,75.0,35358.0
Marble Slabs,Grade B,800.0,sq.ft,2.4,12.2,168000.0,176400.0,Mysuru,29.3,0.95,55.00000000000001,81795.0
Concrete Rubble,Grade B,60.0,Tonnes,2.4,25.2,72000.0,75600.0,Chennai,9.5,1.02,55.00000000000001,32869.0
Corrugated Roofing Sheets,Grade C,500.0,sq.ft,1.2,63.2,32500.0,34125.0,Bangalore,16.0,1.12,38.0,8788.0
Cement Blocks,Grade B,1000.0,Pieces,2.0,18.3,52000.0,54600.0,Chennai,38.5,1.02,55.00000000000001,25517.0
Flush Doors,Grade B,200.0,Pieces,5.6,17.0,840000.0,882000.0,Mysuru,30.0,0.95,55.00000000000001,375656.0
Concrete Rubble,Grade A,5.0,Tonnes,2.3,11.4,6000.0,6300.0,Delhi,35.4,1.1,75.0,4742.0
Aluminum Windows,Grade B,100.0,Pieces,2.2,9.1,280000.0,294000.0,Mumbai,41.6,1.18,55.00000000000001,177005.0
Corrugated Roofing Sheets,Grade B,100.0,sq.ft,1.1,17.0,6500.0,6825.0,Mysuru,13.1,0.95,55.00000000000001,3096.0
Flush Doors,Grade A,1000.0,Pieces,2.0,3.8,4200000.0,4410000.0,Mumbai,38.0,1.18,75.0,3692124.0
Window Glass,Grade A,100.0,sq.ft,8.5,11.4,7500.0,7875.0,Bangalore,5.3,1.12,75.0,5755.0
Electrical Wiring & Panels,Grade B,50.0,Pieces,4.6,20.7,11000.0,11550.0,Pune,11.3,1.06,55.00000000000001,5598.0
Structural Wood / Timber,Grade D,250.0,sq.ft,1.3,79.4,32500.0,34125.0,Mumbai,40.9,1.18,22.0,4587.0
Corrugated Roofing Sheets,Grade A,1200.0,sq.ft,1.1,10.9,78000.0,81900.0,Mysuru,23.9,0.95,75.0,50957.0
PVC Pipes,Grade C,2000.0,Pieces,4.6,62.0,520000.0,546000.0,Chennai,15.2,1.02,38.0,129969.0
Window Glass,Grade B,500.0,sq.ft,2.0,14.9,37500.0,39375.0,Chennai,12.7,1.02,55.00000000000001,20075.0
Aluminum Windows,Grade A,100.0,Pieces,1.2,18.3,280000.0,294000.0,Delhi,28.8,1.1,75.0,215174.0
Marble Slabs,Grade A,100.0,sq.ft,2.0,26.5,21000.0,22050.0,Mysuru,6.2,0.95,75.0,12721.0
Ceramic Floor Tiles,Grade A,800.0,sq.ft,3.8,14.5,33600.0,35280.0,Chennai,14.7,1.02,75.0,23680.0
Natural Stone Slabs,Grade A,25.0,Tonnes,8.9,37.8,27500.0,28875.0,Mumbai,21.9,1.18,75.0,19897.0
Concrete Rubble,Grade A,25.0,Tonnes,0.7,5.0,30000.0,31500.0,Bangalore,13.9,1.12,75.0,24684.0
TMT Steel Rods,Grade D,200.0,kg,0.7,81.3,11600.0,12180.0,Hyderabad,16.6,1.05,22.0,1339.0
Mixed Demolition Waste,Grade E,5.0,Tonnes,3.5,44.2,2250.0,2362.5,Mysuru,23.2,0.95,0.0,0.0
Flush Doors,Grade E,50.0,Pieces,1.1,77.0,210000.0,220500.0,Chennai,17.1,1.02,0.0,0.0
Asbestos / Hazardous Sheeting,Grade E,800.0,sq.ft,0.6,68.8,0.0,0.0,Hyderabad,41.5,1.05,0.0,0.0
Construction Sand,Grade D,25.0,Tonnes,1.7,75.9,45000.0,47250.0,Mumbai,31.3,1.18,22.0,6140.0
Electrical Wiring & Panels,Grade B,200.0,Pieces,9.4,17.3,44000.0,46200.0,Pune,28.7,1.06,55.00000000000001,22315.0
Electrical Wiring & Panels,Grade B,500.0,Pieces,16.2,39.8,110000.0,115500.0,Mumbai,39.5,1.18,55.00000000000001,53396.0
Red Bricks,Grade B,50.0,Pieces,3.7,5.9,550.0,577.5,Chennai,13.9,1.02,55.00000000000001,296.0
Ceramic Floor Tiles,Grade B,500.0,sq.ft,4.3,12.9,21000.0,22050.0,Pune,30.1,1.06,55.00000000000001,11147.0
Electrical Wiring & Panels,Grade B,50.0,Pieces,5.5,33.0,11000.0,11550.0,Delhi,18.4,1.1,55.00000000000001,5189.0
TMT Steel Rods,Grade B,200.0,kg,4.9,16.2,11600.0,12180.0,Pune,10.4,1.06,55.00000000000001,6205.0
TMT Steel Rods,Grade C,1000.0,kg,3.9,40.2,58000.0,60900.0,Pune,22.2,1.06,38.0,16947.0
Concrete Rubble,Grade B,40.0,Tonnes,2.4,5.8,48000.0,50400.0,Mumbai,31.6,1.18,55.00000000000001,32641.0
Marble Slabs,Grade B,500.0,sq.ft,4.6,21.8,105000.0,110250.0,Pune,29.2,1.06,55.00000000000001,55159.0
Galvanized Iron (GI) Pipes,Grade D,100.0,Pieces,0.7,20.9,55000.0,57750.0,Hyderabad,26.7,1.05,22.0,10993.0
Window Glass,Grade B,100.0,sq.ft,1.2,11.7,7500.0,7875.0,Hyderabad,39.3,1.05,55.00000000000001,4020.0
Natural Stone Slabs,Grade B,25.0,Tonnes,0.5,13.8,27500.0,28875.0,Mysuru,8.3,0.95,55.00000000000001,13071.0
Ceramic Floor Tiles,Grade B,500.0,sq.ft,1.1,25.6,21000.0,22050.0,Pune,11.8,1.06,55.00000000000001,10533.0
Asbestos / Hazardous Sheeting,Grade E,250.0,sq.ft,0.6,65.5,0.0,0.0,Chennai,45.5,1.02,0.0,0.0
TMT Steel Rods,Grade D,200.0,kg,1.8,60.1,11600.0,12180.0,Chennai,19.3,1.02,22.0,1758.0
Mixed Demolition Waste,Grade B,40.0,Tonnes,4.1,11.1,18000.0,18900.0,Bangalore,29.7,1.12,55.00000000000001,10527.0
Window Glass,Grade B,250.0,sq.ft,2.0,19.7,18750.0,19687.5,Delhi,16.2,1.1,55.00000000000001,9677.0
Red Bricks,Grade B,1000.0,Pieces,2.8,28.7,11000.0,11550.0,Mysuru,39.9,0.95,55.00000000000001,4483.0
Structural Wood / Timber,Grade B,800.0,sq.ft,4.5,5.5,104000.0,109200.0,Chennai,15.8,1.02,55.00000000000001,57055.0
Aluminum Windows,Grade D,2000.0,Pieces,0.5,39.5,5600000.0,5880000.0,Bangalore,18.4,1.12,22.0,1036028.0
Granite Slabs,Grade C,800.0,sq.ft,8.2,70.1,152000.0,159600.0,Hyderabad,31.2,1.05,38.0,33808.0
Natural Stone Slabs,Grade E,40.0,Tonnes,7.0,74.3,44000.0,46200.0,Mysuru,24.4,0.95,0.0,0.0
Marble Slabs,Grade A,1200.0,sq.ft,0.8,23.5,252000.0,264600.0,Mumbai,47.8,1.18,75.0,184888.0
TMT Steel Rods,Grade A,1500.0,kg,8.8,6.4,87000.0,91350.0,Hyderabad,22.9,1.05,75.0,66968.0
Granite Slabs,Grade C,800.0,sq.ft,3.1,54.9,152000.0,159600.0,Bangalore,49.1,1.12,38.0,45577.0
Construction Sand,Grade B,5.0,Tonnes,1.9,24.5,9000.0,9450.0,Pune,46.5,1.06,55.00000000000001,4366.0
Galvanized Iron (GI) Pipes,Grade D,1000.0,Pieces,1.2,49.0,550000.0,577500.0,Bangalore,18.8,1.12,22.0,95856.0
PVC Pipes,Grade C,5000.0,Pieces,0.2,86.0,1300000.0,1365000.0,Hyderabad,23.1,1.05,38.0,251331.0
Aluminum Windows,Grade C,100.0,Pieces,1.8,25.4,280000.0,294000.0,Chennai,46.4,1.02,38.0,92329.0
Electrical Wiring & Panels,Grade B,500.0,Pieces,0.9,21.1,110000.0,115500.0,Bangalore,29.9,1.12,55.00000000000001,61081.0
Marble Slabs,Grade B,800.0,sq.ft,0.6,27.4,168000.0,176400.0,Mysuru,25.3,0.95,55.00000000000001,76818.0
Cement Blocks,Grade D,500.0,Pieces,6.0,72.6,26000.0,27300.0,Mumbai,9.9,1.18,22.0,4055.0
Granite Slabs,Grade C,1200.0,sq.ft,8.4,67.6,228000.0,239400.0,Hyderabad,30.1,1.05,38.0,52464.0
Marble Slabs,Grade C,100.0,sq.ft,5.5,23.0,21000.0,22050.0,Delhi,32.7,1.1,38.0,7735.0
TMT Steel Rods,Grade B,500.0,kg,4.8,8.2,29000.0,30450.0,Mysuru,46.3,0.95,55.00000000000001,14676.0
Window Glass,Grade B,1200.0,sq.ft,0.8,15.7,90000.0,94500.0,Pune,8.4,1.06,55.00000000000001,47892.0
Galvanized Iron (GI) Pipes,Grade B,5000.0,Pieces,2.3,28.9,2750000.0,2887500.0,Mysuru,46.9,0.95,55.00000000000001,1289234.0
Structural Wood / Timber,Grade B,250.0,sq.ft,7.1,32.9,32500.0,34125.0,Delhi,32.0,1.1,55.00000000000001,15635.0
Marble Slabs,Grade C,800.0,sq.ft,9.9,57.5,168000.0,176400.0,Pune,8.3,1.06,38.0,43007.0
Cement Blocks,Grade B,200.0,Pieces,2.6,14.4,10400.0,10920.0,Hyderabad,34.3,1.05,55.00000000000001,5810.0
Natural Stone Slabs,Grade A,10.0,Tonnes,2.9,16.3,11000.0,11550.0,Pune,9.7,1.06,75.0,8001.0
Natural Stone Slabs,Grade B,15.0,Tonnes,10.3,20.7,16500.0,17325.0,Pune,29.3,1.06,55.00000000000001,9577.0
Natural Stone Slabs,Grade A,5.0,Tonnes,3.0,6.2,5500.0,5775.0,Mumbai,30.8,1.18,75.0,4682.0
Ceramic Floor Tiles,Grade B,100.0,sq.ft,1.8,6.7,4200.0,4410.0,Hyderabad,42.5,1.05,55.00000000000001,2461.0
Construction Sand,Grade C,10.0,Tonnes,1.4,83.9,18000.0,18900.0,Hyderabad,42.8,1.05,38.0,3914.0
Sanitaryware Ceramics,Grade D,50.0,Pieces,2.1,61.9,42500.0,44625.0,Mumbai,14.5,1.18,22.0,6573.0
Concrete Rubble,Grade B,60.0,Tonnes,5.1,24.3,72000.0,75600.0,Mysuru,13.4,0.95,55.00000000000001,30152.0
Construction Sand,Grade E,5.0,Tonnes,0.8,77.0,9000.0,9450.0,Mysuru,6.9,0.95,0.0,0.0
Window Glass,Grade E,250.0,sq.ft,2.2,87.6,18750.0,19687.5,Delhi,18.1,1.1,0.0,0.0
Marble Slabs,Grade B,800.0,sq.ft,1.3,3.5,168000.0,176400.0,Delhi,26.9,1.1,55.00000000000001,95850.0
Ceramic Floor Tiles,Grade B,500.0,sq.ft,4.4,22.6,21000.0,22050.0,Mumbai,34.1,1.18,55.00000000000001,11719.0
Construction Sand,Grade A,5.0,Tonnes,4.1,8.7,9000.0,9450.0,Delhi,28.4,1.1,75.0,6762.0
Concrete Rubble,Grade C,25.0,Tonnes,1.6,63.7,30000.0,31500.0,Chennai,36.7,1.02,38.0,7050.0
Structural Wood / Timber,Grade B,500.0,sq.ft,2.4,9.8,65000.0,68250.0,Mumbai,44.3,1.18,55.00000000000001,37821.0
TMT Steel Rods,Grade B,1000.0,kg,6.6,14.8,58000.0,60900.0,Bangalore,47.5,1.12,55.00000000000001,32788.0
Flush Doors,Grade B,5000.0,Pieces,0.6,13.5,21000000.0,22050000.0,Hyderabad,16.6,1.05,55.00000000000001,11020092.0
Ceramic Floor Tiles,Grade B,100.0,sq.ft,2.7,8.8,4200.0,4410.0,Mysuru,5.8,0.95,55.00000000000001,2075.0
Window Glass,Grade A,100.0,sq.ft,2.1,10.3,7500.0,7875.0,Mysuru,37.6,0.95,75.0,4769.0
Granite Slabs,Grade B,1200.0,sq.ft,5.2,41.0,228000.0,239400.0,Chennai,36.6,1.02,55.00000000000001,104592.0
Sanitaryware Ceramics,Grade E,500.0,Pieces,6.6,48.4,425000.0,446250.0,Chennai,16.2,1.02,0.0,0.0
Granite Slabs,Grade E,500.0,sq.ft,2.4,64.7,95000.0,99750.0,Chennai,30.9,1.02,0.0,0.0
Structural Wood / Timber,Grade D,800.0,sq.ft,4.5,43.8,104000.0,109200.0,Pune,45.0,1.06,22.0,17725.0
Cement Blocks,Grade A,500.0,Pieces,0.3,18.5,26000.0,27300.0,Delhi,18.4,1.1,75.0,19009.0
Flush Doors,Grade A,5000.0,Pieces,0.5,29.2,21000000.0,22050000.0,Hyderabad,7.7,1.05,75.0,13473902.0
Corrugated Roofing Sheets,Grade A,250.0,sq.ft,3.8,8.7,16250.0,17062.5,Pune,30.6,1.06,75.0,12496.0
TMT Steel Rods,Grade D,200.0,kg,3.7,28.5,11600.0,12180.0,Pune,49.0,1.06,22.0,2319.0
Construction Sand,Grade A,10.0,Tonnes,0.8,19.5,18000.0,18900.0,Mysuru,36.7,0.95,75.0,10633.0
Mixed Demolition Waste,Grade B,60.0,Tonnes,1.9,39.3,27000.0,28350.0,Chennai,14.2,1.02,55.00000000000001,11222.0
Structural Wood / Timber,Grade B,250.0,sq.ft,1.9,12.5,32500.0,34125.0,Mysuru,6.7,0.95,55.00000000000001,15949.0
Corrugated Roofing Sheets,Grade A,1200.0,sq.ft,9.8,28.2,78000.0,81900.0,Chennai,21.7,1.02,75.0,47980.0
Sanitaryware Ceramics,Grade A,500.0,Pieces,1.9,9.5,425000.0,446250.0,Pune,21.8,1.06,75.0,326386.0
Construction Sand,Grade B,10.0,Tonnes,12.4,16.4,18000.0,18900.0,Delhi,24.1,1.1,55.00000000000001,9626.0
Construction Sand,Grade C,25.0,Tonnes,1.2,50.6,45000.0,47250.0,Pune,25.0,1.06,38.0,12185.0
Mixed Demolition Waste,Grade E,15.0,Tonnes,3.0,67.5,6750.0,7087.5,Mumbai,39.9,1.18,0.0,0.0
Structural Wood / Timber,Grade C,800.0,sq.ft,2.4,55.4,104000.0,109200.0,Hyderabad,27.2,1.05,38.0,28060.0
Ceramic Floor Tiles,Grade D,100.0,sq.ft,2.6,73.2,4200.0,4410.0,Pune,34.0,1.06,22.0,518.0
Mixed Demolition Waste,Grade C,40.0,Tonnes,0.2,46.8,18000.0,18900.0,Pune,6.7,1.06,38.0,5223.0
Red Bricks,Grade D,500.0,Pieces,4.9,56.1,5500.0,5775.0,Mysuru,35.6,0.95,22.0,810.0
Galvanized Iron (GI) Pipes,Grade B,200.0,Pieces,2.0,14.3,110000.0,115500.0,Pune,13.9,1.06,55.00000000000001,58837.0
Galvanized Iron (GI) Pipes,Grade A,200.0,Pieces,3.5,18.3,110000.0,115500.0,Pune,26.7,1.06,75.0,77743.0
Concrete Rubble,Grade D,25.0,Tonnes,1.5,79.9,30000.0,31500.0,Delhi,19.5,1.1,22.0,3642.0
Corrugated Roofing Sheets,Grade A,500.0,sq.ft,2.0,14.8,32500.0,34125.0,Chennai,48.7,1.02,75.0,21359.0
Concrete Rubble,Grade B,60.0,Tonnes,4.2,3.9,72000.0,75600.0,Delhi,39.5,1.1,55.00000000000001,42064.0
Mixed Demolition Waste,Grade E,40.0,Tonnes,2.6,74.2,18000.0,18900.0,Mysuru,16.8,0.95,0.0,0.0
Asbestos / Hazardous Sheeting,Grade E,250.0,sq.ft,0.4,71.4,0.0,0.0,Pune,8.2,1.06,0.0,0.0
Galvanized Iron (GI) Pipes,Grade B,1000.0,Pieces,4.6,3.3,550000.0,577500.0,Bangalore,7.2,1.12,55.00000000000001,325245.0
PVC Pipes,Grade D,50.0,Pieces,1.5,53.2,13000.0,13650.0,Pune,7.8,1.06,22.0,2079.0
Asbestos / Hazardous Sheeting,Grade E,1200.0,sq.ft,6.1,63.0,0.0,0.0,Mysuru,40.4,0.95,0.0,0.0
Asbestos / Hazardous Sheeting,Grade E,100.0,sq.ft,2.8,27.4,0.0,0.0,Hyderabad,7.7,1.05,0.0,0.0
Red Bricks,Grade B,2000.0,Pieces,3.0,23.1,22000.0,23100.0,Bangalore,17.5,1.12,55.00000000000001,12235.0
Concrete Rubble,Grade B,10.0,Tonnes,3.6,13.7,12000.0,12600.0,Hyderabad,39.2,1.05,55.00000000000001,6042.0
Electrical Wiring & Panels,Grade B,100.0,Pieces,2.0,7.2,22000.0,23100.0,Mysuru,39.1,0.95,55.00000000000001,10264.0
Concrete Rubble,Grade B,25.0,Tonnes,6.8,35.5,30000.0,31500.0,Mumbai,36.5,1.18,55.00000000000001,15109.0
Construction Sand,Grade B,60.0,Tonnes,0.7,14.5,108000.0,113400.0,Chennai,6.9,1.02,55.00000000000001,50045.0
TMT Steel Rods,Grade B,500.0,kg,0.8,6.3,29000.0,30450.0,Chennai,44.4,1.02,55.00000000000001,15394.0
Aluminum Windows,Grade B,5000.0,Pieces,8.4,13.7,14000000.0,14700000.0,Delhi,33.4,1.1,55.00000000000001,8353026.0
PVC Pipes,Grade A,500.0,Pieces,3.6,12.2,130000.0,136500.0,Mumbai,8.0,1.18,75.0,107030.0
Marble Slabs,Grade B,100.0,sq.ft,2.9,7.5,21000.0,22050.0,Hyderabad,17.5,1.05,55.00000000000001,11202.0
Ceramic Floor Tiles,Grade C,500.0,sq.ft,2.8,83.9,21000.0,22050.0,Pune,16.0,1.06,38.0,4215.0
Granite Slabs,Grade B,250.0,sq.ft,1.1,25.9,47500.0,49875.0,Mysuru,33.8,0.95,55.00000000000001,19560.0
Marble Slabs,Grade B,800.0,sq.ft,1.5,9.7,168000.0,176400.0,Chennai,42.9,1.02,55.00000000000001,87229.0
Red Bricks,Grade E,2000.0,Pieces,2.5,78.0,22000.0,23100.0,Delhi,43.6,1.1,0.0,0.0
TMT Steel Rods,Grade B,500.0,kg,0.8,11.1,29000.0,30450.0,Pune,6.9,1.06,55.00000000000001,15354.0
Flush Doors,Grade C,100.0,Pieces,4.9,72.8,420000.0,441000.0,Mysuru,48.1,0.95,38.0,84209.0
Electrical Wiring & Panels,Grade C,100.0,Pieces,3.1,60.3,22000.0,23100.0,Pune,30.8,1.06,38.0,5570.0
Natural Stone Slabs,Grade B,15.0,Tonnes,7.6,37.9,16500.0,17325.0,Chennai,48.5,1.02,55.00000000000001,7504.0
PVC Pipes,Grade B,100.0,Pieces,13.5,24.3,26000.0,27300.0,Mysuru,21.7,0.95,55.00000000000001,12210.0
Structural Wood / Timber,Grade B,1200.0,sq.ft,2.8,22.6,156000.0,163800.0,Delhi,12.2,1.1,55.00000000000001,83082.0
Natural Stone Slabs,Grade C,10.0,Tonnes,0.8,87.7,11000.0,11550.0,Pune,24.2,1.06,38.0,2032.0
Electrical Wiring & Panels,Grade D,2000.0,Pieces,2.0,48.4,440000.0,462000.0,Pune,27.1,1.06,22.0,71684.0
TMT Steel Rods,Grade C,1000.0,kg,5.5,85.7,58000.0,60900.0,Chennai,23.2,1.02,38.0,10913.0
Structural Wood / Timber,Grade E,100.0,sq.ft,2.0,44.9,13000.0,13650.0,Mumbai,16.9,1.18,0.0,0.0
TMT Steel Rods,Grade E,3000.0,kg,9.6,79.3,174000.0,182700.0,Mumbai,29.2,1.18,0.0,0.0
Aluminum Windows,Grade D,1000.0,Pieces,2.0,31.1,2800000.0,2940000.0,Mumbai,18.0,1.18,22.0,582421.0
Structural Wood / Timber,Grade C,800.0,sq.ft,4.7,64.2,104000.0,109200.0,Bangalore,9.4,1.12,38.0,27548.0
Aluminum Windows,Grade B,500.0,Pieces,16.8,24.6,1400000.0,1470000.0,Mysuru,27.4,0.95,55.00000000000001,634437.0
Granite Slabs,Grade B,250.0,sq.ft,2.2,22.0,47500.0,49875.0,Delhi,28.4,1.1,55.00000000000001,25576.0
Window Glass,Grade B,500.0,sq.ft,3.9,22.7,37500.0,39375.0,Hyderabad,15.1,1.05,55.00000000000001,17772.0
Marble Slabs,Grade B,500.0,sq.ft,4.8,10.1,105000.0,110250.0,Bangalore,37.2,1.12,55.00000000000001,61085.0
Sanitaryware Ceramics,Grade B,50.0,Pieces,2.3,5.1,42500.0,44625.0,Chennai,17.8,1.02,55.00000000000001,22183.0
Flush Doors,Grade C,50.0,Pieces,7.9,48.3,210000.0,220500.0,Delhi,23.7,1.1,38.0,60442.0
Window Glass,Grade C,100.0,sq.ft,5.4,60.1,7500.0,7875.0,Mumbai,14.0,1.18,38.0,2062.0
Construction Sand,Grade A,5.0,Tonnes,0.4,15.1,9000.0,9450.0,Pune,45.3,1.06,75.0,6361.0
Concrete Rubble,Grade A,10.0,Tonnes,7.7,8.1,12000.0,12600.0,Hyderabad,18.1,1.05,75.0,8787.0
Red Bricks,Grade B,50.0,Pieces,2.6,21.1,550.0,577.5,Chennai,40.1,1.02,55.00000000000001,284.0
Corrugated Roofing Sheets,Grade C,250.0,sq.ft,7.3,37.4,16250.0,17062.5,Chennai,25.6,1.02,38.0,5485.0
Marble Slabs,Grade B,800.0,sq.ft,2.3,1.9,168000.0,176400.0,Hyderabad,42.7,1.05,55.00000000000001,100913.0
Mixed Demolition Waste,Grade A,25.0,Tonnes,9.8,4.5,11250.0,11812.5,Bangalore,30.7,1.12,75.0,9271.0
TMT Steel Rods,Grade C,1500.0,kg,1.8,45.3,87000.0,91350.0,Pune,22.5,1.06,38.0,27127.0
Construction Sand,Grade D,25.0,Tonnes,0.7,56.1,45000.0,47250.0,Bangalore,50.0,1.12,22.0,7606.0
Construction Sand,Grade C,60.0,Tonnes,0.3,49.5,108000.0,113400.0,Chennai,16.7,1.02,38.0,30996.0
Electrical Wiring & Panels,Grade A,2000.0,Pieces,4.6,18.7,440000.0,462000.0,Mumbai,49.9,1.18,75.0,351952.0
Ceramic Floor Tiles,Grade A,800.0,sq.ft,5.0,8.0,33600.0,35280.0,Delhi,8.7,1.1,75.0,25808.0
Cement Blocks,Grade B,50.0,Pieces,2.3,10.6,2600.0,2730.0,Chennai,37.0,1.02,55.00000000000001,1385.0
Granite Slabs,Grade C,250.0,sq.ft,7.3,29.8,47500.0,49875.0,Pune,9.5,1.06,38.0,15486.0
TMT Steel Rods,Grade B,200.0,kg,7.6,15.8,11600.0,12180.0,Mumbai,41.3,1.18,55.00000000000001,7063.0
PVC Pipes,Grade A,1000.0,Pieces,6.3,44.4,260000.0,273000.0,Pune,13.5,1.06,75.0,149044.0
Concrete Rubble,Grade B,15.0,Tonnes,4.6,14.1,18000.0,18900.0,Delhi,26.2,1.1,55.00000000000001,10839.0
Sanitaryware Ceramics,Grade A,100.0,Pieces,6.2,17.9,85000.0,89250.0,Mumbai,38.9,1.18,75.0,66814.0
Red Bricks,Grade D,5000.0,Pieces,2.3,84.1,55000.0,57750.0,Delhi,6.9,1.1,22.0,6949.0
Sanitaryware Ceramics,Grade A,2000.0,Pieces,6.6,24.1,1700000.0,1785000.0,Hyderabad,9.5,1.05,75.0,1129994.0
Sanitaryware Ceramics,Grade B,5000.0,Pieces,1.0,37.0,4250000.0,4462500.0,Mysuru,47.1,0.95,55.00000000000001,1660125.0
Electrical Wiring & Panels,Grade B,1000.0,Pieces,0.3,10.1,220000.0,231000.0,Pune,15.2,1.06,55.00000000000001,115280.0
TMT Steel Rods,Grade B,500.0,kg,4.6,13.6,29000.0,30450.0,Mumbai,9.9,1.18,55.00000000000001,16941.0
Galvanized Iron (GI) Pipes,Grade B,500.0,Pieces,1.8,20.5,275000.0,288750.0,Hyderabad,33.8,1.05,55.00000000000001,145656.0
PVC Pipes,Grade C,100.0,Pieces,12.8,74.5,26000.0,27300.0,Bangalore,10.2,1.12,38.0,5893.0
Construction Sand,Grade C,10.0,Tonnes,0.5,37.5,18000.0,18900.0,Bangalore,10.1,1.12,38.0,6124.0
Granite Slabs,Grade B,1200.0,sq.ft,2.3,16.7,228000.0,239400.0,Mumbai,24.9,1.18,55.00000000000001,125418.0
PVC Pipes,Grade C,50.0,Pieces,0.6,75.8,13000.0,13650.0,Mysuru,40.4,0.95,38.0,2473.0
Window Glass,Grade D,1200.0,sq.ft,1.4,79.4,90000.0,94500.0,Mysuru,17.7,0.95,22.0,9867.0
Window Glass,Grade B,800.0,sq.ft,0.9,17.4,60000.0,63000.0,Bangalore,17.8,1.12,55.00000000000001,32038.0
Cement Blocks,Grade C,5000.0,Pieces,0.9,46.4,260000.0,273000.0,Hyderabad,15.3,1.05,38.0,81557.0
TMT Steel Rods,Grade B,1500.0,kg,16.2,26.7,87000.0,91350.0,Bangalore,43.6,1.12,55.00000000000001,45082.0
Marble Slabs,Grade D,100.0,sq.ft,0.8,46.8,21000.0,22050.0,Pune,48.2,1.06,22.0,3670.0
Electrical Wiring & Panels,Grade A,500.0,Pieces,1.5,28.6,110000.0,115500.0,Chennai,48.9,1.02,75.0,69162.0
Ceramic Floor Tiles,Grade B,500.0,sq.ft,3.9,25.1,21000.0,22050.0,Pune,28.3,1.06,55.00000000000001,10586.0
Corrugated Roofing Sheets,Grade C,800.0,sq.ft,10.4,27.7,52000.0,54600.0,Hyderabad,35.1,1.05,38.0,17486.0
Flush Doors,Grade D,100.0,Pieces,1.3,84.0,420000.0,441000.0,Bangalore,22.8,1.12,22.0,52544.0
Construction Sand,Grade D,10.0,Tonnes,1.6,30.6,18000.0,18900.0,Mysuru,18.3,0.95,22.0,2884.0
Aluminum Windows,Grade B,50.0,Pieces,0.5,32.1,140000.0,147000.0,Mysuru,34.2,0.95,55.00000000000001,53187.0
TMT Steel Rods,Grade D,1000.0,kg,1.4,61.8,58000.0,60900.0,Mysuru,49.5,0.95,22.0,7153.0
Red Bricks,Grade D,50.0,Pieces,0.4,73.2,550.0,577.5,Delhi,18.0,1.1,22.0,76.0
TMT Steel Rods,Grade A,1500.0,kg,1.6,32.1,87000.0,91350.0,Bangalore,45.2,1.12,75.0,59699.0
Window Glass,Grade B,100.0,sq.ft,11.4,2.4,7500.0,7875.0,Delhi,6.5,1.1,55.00000000000001,4602.0
Construction Sand,Grade B,10.0,Tonnes,3.9,6.2,18000.0,18900.0,Pune,15.2,1.06,55.00000000000001,11001.0
Electrical Wiring & Panels,Grade C,500.0,Pieces,4.5,62.6,110000.0,115500.0,Chennai,26.5,1.02,38.0,27370.0
TMT Steel Rods,Grade A,1000.0,kg,13.2,8.4,58000.0,60900.0,Chennai,23.1,1.02,75.0,42915.0
Marble Slabs,Grade B,800.0,sq.ft,0.3,5.3,168000.0,176400.0,Hyderabad,36.2,1.05,55.00000000000001,96803.0
Red Bricks,Grade B,2000.0,Pieces,3.9,22.5,22000.0,23100.0,Bangalore,26.0,1.12,55.00000000000001,11467.0
Flush Doors,Grade B,5000.0,Pieces,1.9,22.7,21000000.0,22050000.0,Delhi,10.3,1.1,55.00000000000001,11591666.0
Concrete Rubble,Grade C,60.0,Tonnes,3.4,79.9,72000.0,75600.0,Mysuru,19.0,0.95,38.0,13730.0
Construction Sand,Grade B,60.0,Tonnes,1.5,37.5,108000.0,113400.0,Mumbai,35.9,1.18,55.00000000000001,53737.0
Sanitaryware Ceramics,Grade B,2000.0,Pieces,8.4,25.9,1700000.0,1785000.0,Pune,32.7,1.06,55.00000000000001,839077.0
Galvanized Iron (GI) Pipes,Grade D,2000.0,Pieces,1.6,39.2,1100000.0,1155000.0,Bangalore,31.9,1.12,22.0,204901.0
Marble Slabs,Grade A,250.0,sq.ft,2.1,22.1,52500.0,55125.0,Mysuru,27.2,0.95,75.0,30880.0
Window Glass,Grade B,800.0,sq.ft,0.8,16.9,60000.0,63000.0,Bangalore,18.2,1.12,55.00000000000001,33846.0
Construction Sand,Grade C,10.0,Tonnes,7.1,64.1,18000.0,18900.0,Mysuru,8.4,0.95,38.0,4058.0
Granite Slabs,Grade A,250.0,sq.ft,1.5,35.2,47500.0,49875.0,Delhi,32.6,1.1,75.0,33455.0
Concrete Rubble,Grade A,5.0,Tonnes,6.0,17.2,6000.0,6300.0,Pune,21.1,1.06,75.0,4391.0
Corrugated Roofing Sheets,Grade C,500.0,sq.ft,1.3,61.7,32500.0,34125.0,Pune,31.5,1.06,38.0,8185.0
Flush Doors,Grade B,5000.0,Pieces,1.0,26.8,21000000.0,22050000.0,Mysuru,45.2,0.95,55.00000000000001,9107798.0
Ceramic Floor Tiles,Grade B,800.0,sq.ft,1.6,30.6,33600.0,35280.0,Mysuru,22.7,0.95,55.00000000000001,15014.0
Construction Sand,Grade B,40.0,Tonnes,6.0,5.4,72000.0,75600.0,Chennai,34.4,1.02,55.00000000000001,42786.0
Natural Stone Slabs,Grade C,10.0,Tonnes,0.3,58.8,11000.0,11550.0,Chennai,15.9,1.02,38.0,2889.0
Ceramic Floor Tiles,Grade B,800.0,sq.ft,0.5,17.1,33600.0,35280.0,Bangalore,38.3,1.12,55.00000000000001,18139.0
Ceramic Floor Tiles,Grade B,500.0,sq.ft,0.9,20.6,21000.0,22050.0,Pune,38.2,1.06,55.00000000000001,10051.0
Ceramic Floor Tiles,Grade D,500.0,sq.ft,7.0,81.5,21000.0,22050.0,Pune,34.7,1.06,22.0,2568.0
Flush Doors,Grade D,500.0,Pieces,0.9,72.7,2100000.0,2205000.0,Bangalore,10.0,1.12,22.0,284585.0
Electrical Wiring & Panels,Grade C,200.0,Pieces,1.6,53.1,44000.0,46200.0,Mumbai,14.1,1.18,38.0,13566.0
Flush Doors,Grade A,1000.0,Pieces,0.9,10.3,4200000.0,4410000.0,Mysuru,37.3,0.95,75.0,2937916.0
Sanitaryware Ceramics,Grade B,100.0,Pieces,6.4,35.2,85000.0,89250.0,Hyderabad,27.1,1.05,55.00000000000001,36065.0
Cement Blocks,Grade B,500.0,Pieces,4.0,37.9,26000.0,27300.0,Delhi,25.9,1.1,55.00000000000001,11975.0
TMT Steel Rods,Grade B,500.0,kg,5.6,34.0,29000.0,30450.0,Mumbai,23.7,1.18,55.00000000000001,14194.0
Granite Slabs,Grade D,100.0,sq.ft,3.0,32.0,19000.0,19950.0,Pune,39.8,1.06,22.0,3695.0
Galvanized Iron (GI) Pipes,Grade B,100.0,Pieces,5.1,18.4,55000.0,57750.0,Delhi,25.1,1.1,55.00000000000001,29410.0
Asbestos / Hazardous Sheeting,Grade E,800.0,sq.ft,2.4,78.0,0.0,0.0,Delhi,35.8,1.1,0.0,0.0
Galvanized Iron (GI) Pipes,Grade B,200.0,Pieces,1.3,12.7,110000.0,115500.0,Pune,31.6,1.06,55.00000000000001,60627.0
Aluminum Windows,Grade C,500.0,Pieces,4.9,67.4,1400000.0,1470000.0,Pune,34.4,1.06,38.0,345041.0
Marble Slabs,Grade D,250.0,sq.ft,2.6,17.3,52500.0,55125.0,Mumbai,6.3,1.18,22.0,12220.0
Sanitaryware Ceramics,Grade B,5000.0,Pieces,9.2,21.1,4250000.0,4462500.0,Bangalore,9.5,1.12,55.00000000000001,2223256.0
Concrete Rubble,Grade C,60.0,Tonnes,0.4,72.5,72000.0,75600.0,Chennai,14.8,1.02,38.0,15356.0
Flush Doors,Grade C,5000.0,Pieces,1.6,27.9,21000000.0,22050000.0,Pune,47.7,1.06,38.0,6743693.0
TMT Steel Rods,Grade C,200.0,kg,2.1,65.2,11600.0,12180.0,Pune,25.6,1.06,38.0,2864.0
TMT Steel Rods,Grade B,200.0,kg,10.1,5.2,11600.0,12180.0,Mumbai,18.2,1.18,55.00000000000001,7085.0
Ceramic Floor Tiles,Grade A,250.0,sq.ft,3.4,21.9,10500.0,11025.0,Mumbai,15.2,1.18,75.0,8042.0
Galvanized Iron (GI) Pipes,Grade A,5000.0,Pieces,3.3,22.7,2750000.0,2887500.0,Delhi,37.5,1.1,75.0,2043641.0
Marble Slabs,Grade B,1200.0,sq.ft,6.5,9.1,252000.0,264600.0,Bangalore,14.5,1.12,55.00000000000001,145857.0
Concrete Rubble,Grade D,15.0,Tonnes,1.0,53.2,18000.0,18900.0,Mumbai,24.6,1.18,22.0,3128.0
Sanitaryware Ceramics,Grade B,100.0,Pieces,7.1,18.0,85000.0,89250.0,Delhi,13.7,1.1,55.00000000000001,48601.0
Natural Stone Slabs,Grade B,40.0,Tonnes,6.1,19.6,44000.0,46200.0,Chennai,16.6,1.02,55.00000000000001,21924.0
Flush Doors,Grade B,1000.0,Pieces,0.6,9.6,4200000.0,4410000.0,Hyderabad,38.9,1.05,55.00000000000001,2299160.0
Mixed Demolition Waste,Grade B,15.0,Tonnes,2.1,2.5,6750.0,7087.5,Hyderabad,39.8,1.05,55.00000000000001,3811.0
Natural Stone Slabs,Grade B,40.0,Tonnes,0.7,9.1,44000.0,46200.0,Mysuru,6.1,0.95,55.00000000000001,20883.0
Mixed Demolition Waste,Grade D,25.0,Tonnes,12.9,33.2,11250.0,11812.5,Mumbai,27.8,1.18,22.0,2223.0
Electrical Wiring & Panels,Grade D,1000.0,Pieces,0.2,85.2,220000.0,231000.0,Delhi,20.7,1.1,22.0,26055.0
Corrugated Roofing Sheets,Grade C,1200.0,sq.ft,0.6,72.5,78000.0,81900.0,Mumbai,38.2,1.18,38.0,19375.0
Galvanized Iron (GI) Pipes,Grade A,50.0,Pieces,1.0,34.8,27500.0,28875.0,Mysuru,33.2,0.95,75.0,15135.0
Window Glass,Grade A,800.0,sq.ft,9.6,11.8,60000.0,63000.0,Bangalore,23.4,1.12,75.0,47783.0
TMT Steel Rods,Grade C,200.0,kg,8.1,45.6,11600.0,12180.0,Hyderabad,43.8,1.05,38.0,3357.0
Corrugated Roofing Sheets,Grade A,500.0,sq.ft,2.2,41.7,32500.0,34125.0,Delhi,17.3,1.1,75.0,19243.0
Sanitaryware Ceramics,Grade B,500.0,Pieces,0.3,19.7,425000.0,446250.0,Mysuru,11.8,0.95,55.00000000000001,194084.0
Sanitaryware Ceramics,Grade A,500.0,Pieces,0.5,6.0,425000.0,446250.0,Mysuru,21.3,0.95,75.0,282303.0
Marble Slabs,Grade C,1200.0,sq.ft,2.8,80.3,252000.0,264600.0,Mysuru,42.6,0.95,38.0,46318.0
Ceramic Floor Tiles,Grade B,500.0,sq.ft,3.4,13.6,21000.0,22050.0,Bangalore,8.3,1.12,55.00000000000001,11482.0
Sanitaryware Ceramics,Grade C,200.0,Pieces,8.5,64.1,170000.0,178500.0,Delhi,48.4,1.1,38.0,44147.0
Concrete Rubble,Grade A,40.0,Tonnes,2.4,32.3,48000.0,50400.0,Mumbai,25.6,1.18,75.0,33787.0
Red Bricks,Grade B,100.0,Pieces,5.6,11.8,1100.0,1155.0,Hyderabad,30.7,1.05,55.00000000000001,620.0
Aluminum Windows,Grade B,50.0,Pieces,1.1,28.5,140000.0,147000.0,Hyderabad,42.0,1.05,55.00000000000001,65105.0
TMT Steel Rods,Grade C,1000.0,kg,1.3,43.5,58000.0,60900.0,Chennai,36.3,1.02,38.0,17188.0
Sanitaryware Ceramics,Grade C,100.0,Pieces,1.5,58.6,85000.0,89250.0,Chennai,17.7,1.02,38.0,22338.0
Galvanized Iron (GI) Pipes,Grade C,500.0,Pieces,8.4,83.2,275000.0,288750.0,Mumbai,48.4,1.18,38.0,60385.0
Ceramic Floor Tiles,Grade B,1200.0,sq.ft,0.4,13.0,50400.0,52920.0,Hyderabad,11.5,1.05,55.00000000000001,25972.0
Sanitaryware Ceramics,Grade D,50.0,Pieces,3.0,47.5,42500.0,44625.0,Hyderabad,27.2,1.05,22.0,6849.0
Marble Slabs,Grade B,500.0,sq.ft,0.3,1.4,105000.0,110250.0,Hyderabad,37.6,1.05,55.00000000000001,55250.0
Mixed Demolition Waste,Grade B,40.0,Tonnes,0.4,5.8,18000.0,18900.0,Pune,20.3,1.06,55.00000000000001,9720.0
Granite Slabs,Grade A,1200.0,sq.ft,1.6,6.4,228000.0,239400.0,Mumbai,14.3,1.18,75.0,194591.0
Flush Doors,Grade C,2000.0,Pieces,7.3,38.9,8400000.0,8820000.0,Bangalore,48.4,1.12,38.0,2547103.0
Cement Blocks,Grade E,100.0,Pieces,5.9,47.3,5200.0,5460.0,Chennai,30.1,1.02,0.0,0.0
Sanitaryware Ceramics,Grade D,50.0,Pieces,2.8,47.7,42500.0,44625.0,Delhi,29.4,1.1,22.0,7813.0
Construction Sand,Grade A,40.0,Tonnes,5.6,29.6,72000.0,75600.0,Mumbai,18.5,1.18,75.0,52948.0
PVC Pipes,Grade D,50.0,Pieces,5.4,67.3,13000.0,13650.0,Mysuru,12.1,0.95,22.0,1507.0
Galvanized Iron (GI) Pipes,Grade C,50.0,Pieces,1.3,40.2,27500.0,28875.0,Hyderabad,17.3,1.05,38.0,8779.0
Galvanized Iron (GI) Pipes,Grade C,1000.0,Pieces,2.5,57.5,550000.0,577500.0,Mysuru,44.2,0.95,38.0,126985.0
Asbestos / Hazardous Sheeting,Grade E,100.0,sq.ft,0.8,71.5,0.0,0.0,Bangalore,48.5,1.12,0.0,0.0
Ceramic Floor Tiles,Grade B,1200.0,sq.ft,0.3,7.1,50400.0,52920.0,Delhi,43.7,1.1,55.00000000000001,27562.0
Corrugated Roofing Sheets,Grade D,800.0,sq.ft,1.0,46.4,52000.0,54600.0,Mysuru,37.2,0.95,22.0,7975.0
Asbestos / Hazardous Sheeting,Grade E,100.0,sq.ft,0.5,49.9,0.0,0.0,Delhi,18.6,1.1,0.0,0.0
Asbestos / Hazardous Sheeting,Grade E,250.0,sq.ft,3.5,46.1,0.0,0.0,Pune,38.0,1.06,0.0,0.0
Sanitaryware Ceramics,Grade A,5000.0,Pieces,0.2,10.6,4250000.0,4462500.0,Chennai,40.4,1.02,75.0,3065227.0
Window Glass,Grade B,100.0,sq.ft,9.6,30.9,7500.0,7875.0,Mumbai,47.0,1.18,55.00000000000001,4165.0
Ceramic Floor Tiles,Grade C,800.0,sq.ft,0.9,43.1,33600.0,35280.0,Mysuru,37.2,0.95,38.0,9260.0
PVC Pipes,Grade B,5000.0,Pieces,11.8,36.1,1300000.0,1365000.0,Bangalore,41.6,1.12,55.00000000000001,637759.0
Electrical Wiring & Panels,Grade B,2000.0,Pieces,0.5,32.3,440000.0,462000.0,Bangalore,33.4,1.12,55.00000000000001,204762.0
Electrical Wiring & Panels,Grade D,500.0,Pieces,1.2,69.4,110000.0,115500.0,Pune,43.1,1.06,22.0,13886.0
Mixed Demolition Waste,Grade A,25.0,Tonnes,3.4,14.2,11250.0,11812.5,Chennai,44.8,1.02,75.0,7950.0
Ceramic Floor Tiles,Grade A,800.0,sq.ft,6.2,13.4,33600.0,35280.0,Delhi,20.5,1.1,75.0,25598.0
Marble Slabs,Grade C,250.0,sq.ft,0.2,23.1,52500.0,55125.0,Chennai,10.6,1.02,38.0,17373.0
Concrete Rubble,Grade C,10.0,Tonnes,6.8,49.2,12000.0,12600.0,Hyderabad,20.7,1.05,38.0,3319.0
Granite Slabs,Grade A,500.0,sq.ft,1.6,16.2,95000.0,99750.0,Bangalore,7.6,1.12,75.0,68757.0
Asbestos / Hazardous Sheeting,Grade E,1200.0,sq.ft,1.8,55.0,0.0,0.0,Mumbai,46.2,1.18,0.0,0.0
Electrical Wiring & Panels,Grade B,100.0,Pieces,2.4,9.5,22000.0,23100.0,Mumbai,5.8,1.18,55.00000000000001,13642.0
Construction Sand,Grade A,40.0,Tonnes,3.1,20.3,72000.0,75600.0,Chennai,45.9,1.02,75.0,44982.0
Natural Stone Slabs,Grade C,60.0,Tonnes,1.4,42.8,66000.0,69300.0,Hyderabad,27.3,1.05,38.0,20431.0
Ceramic Floor Tiles,Grade A,100.0,sq.ft,3.4,20.2,4200.0,4410.0,Pune,48.0,1.06,75.0,2874.0
Construction Sand,Grade C,40.0,Tonnes,2.3,59.1,72000.0,75600.0,Chennai,37.2,1.02,38.0,18104.0
Galvanized Iron (GI) Pipes,Grade B,5000.0,Pieces,1.3,20.9,2750000.0,2887500.0,Hyderabad,19.0,1.05,55.00000000000001,1388965.0
Corrugated Roofing Sheets,Grade A,800.0,sq.ft,6.0,6.1,52000.0,54600.0,Delhi,37.3,1.1,75.0,40844.0
Aluminum Windows,Grade E,1000.0,Pieces,3.3,61.2,2800000.0,2940000.0,Mysuru,22.1,0.95,0.0,0.0
PVC Pipes,Grade B,100.0,Pieces,2.4,15.1,26000.0,27300.0,Delhi,22.0,1.1,55.00000000000001,15143.0
Mixed Demolition Waste,Grade A,60.0,Tonnes,2.8,11.1,27000.0,28350.0,Mumbai,6.8,1.18,75.0,20542.0
Marble Slabs,Grade C,100.0,sq.ft,2.3,54.1,21000.0,22050.0,Chennai,47.9,1.02,38.0,5247.0
Cement Blocks,Grade C,1000.0,Pieces,2.2,86.1,52000.0,54600.0,Chennai,15.8,1.02,38.0,10221.0
Sanitaryware Ceramics,Grade B,200.0,Pieces,0.6,1.5,170000.0,178500.0,Mysuru,33.0,0.95,55.00000000000001,84594.0
Construction Sand,Grade B,60.0,Tonnes,2.0,9.8,108000.0,113400.0,Chennai,24.8,1.02,55.00000000000001,55428.0
TMT Steel Rods,Grade B,1000.0,kg,0.7,12.9,58000.0,60900.0,Mumbai,22.7,1.18,55.00000000000001,36724.0
Electrical Wiring & Panels,Grade A,100.0,Pieces,1.0,38.5,22000.0,23100.0,Pune,9.1,1.06,75.0,13249.0
Flush Doors,Grade E,500.0,Pieces,4.1,73.6,2100000.0,2205000.0,Hyderabad,38.6,1.05,0.0,0.0
Construction Sand,Grade D,40.0,Tonnes,4.2,65.9,72000.0,75600.0,Chennai,43.3,1.02,22.0,9771.0
Marble Slabs,Grade B,100.0,sq.ft,1.0,10.7,21000.0,22050.0,Mysuru,33.8,0.95,55.00000000000001,9892.0
TMT Steel Rods,Grade C,1000.0,kg,2.4,75.8,58000.0,60900.0,Bangalore,23.7,1.12,38.0,13390.0
Flush Doors,Grade B,50.0,Pieces,0.9,23.8,210000.0,220500.0,Bangalore,15.4,1.12,55.00000000000001,111303.0
Marble Slabs,Grade A,500.0,sq.ft,3.8,8.0,105000.0,110250.0,Bangalore,45.6,1.12,75.0,81557.0
PVC Pipes,Grade B,50.0,Pieces,2.2,12.2,13000.0,13650.0,Bangalore,21.3,1.12,55.00000000000001,7828.0
Red Bricks,Grade A,2000.0,Pieces,6.1,5.6,22000.0,23100.0,Pune,47.6,1.06,75.0,16594.0
Electrical Wiring & Panels,Grade A,100.0,Pieces,1.4,22.3,22000.0,23100.0,Hyderabad,35.9,1.05,75.0,15629.0
Aluminum Windows,Grade C,100.0,Pieces,6.3,28.4,280000.0,294000.0,Mysuru,40.6,0.95,38.0,82320.0
Construction Sand,Grade B,10.0,Tonnes,1.3,2.9,18000.0,18900.0,Mumbai,12.7,1.18,55.00000000000001,11569.0
Asbestos / Hazardous Sheeting,Grade E,100.0,sq.ft,6.7,80.1,0.0,0.0,Pune,37.3,1.06,0.0,0.0
Marble Slabs,Grade A,100.0,sq.ft,0.8,15.6,21000.0,22050.0,Delhi,18.1,1.1,75.0,15627.0
Cement Blocks,Grade B,2000.0,Pieces,3.0,3.0,104000.0,109200.0,Chennai,38.4,1.02,55.00000000000001,53157.0
Marble Slabs,Grade C,800.0,sq.ft,7.6,65.1,168000.0,176400.0,Mysuru,21.8,0.95,38.0,38949.0
Structural Wood / Timber,Grade C,1200.0,sq.ft,0.3,36.6,156000.0,163800.0,Chennai,19.4,1.02,38.0,49147.0
Granite Slabs,Grade D,1200.0,sq.ft,4.7,74.7,228000.0,239400.0,Hyderabad,40.5,1.05,22.0,28955.0
Aluminum Windows,Grade B,200.0,Pieces,0.6,14.5,560000.0,588000.0,Mysuru,38.5,0.95,55.00000000000001,261767.0
Construction Sand,Grade A,60.0,Tonnes,11.0,25.0,108000.0,113400.0,Hyderabad,24.8,1.05,75.0,75955.0
Sanitaryware Ceramics,Grade B,50.0,Pieces,3.6,15.7,42500.0,44625.0,Mysuru,37.6,0.95,55.00000000000001,19682.0
Concrete Rubble,Grade E,5.0,Tonnes,3.3,47.5,6000.0,6300.0,Mumbai,8.3,1.18,0.0,0.0
Natural Stone Slabs,Grade B,40.0,Tonnes,3.0,6.6,44000.0,46200.0,Hyderabad,25.2,1.05,55.00000000000001,24936.0
Window Glass,Grade A,800.0,sq.ft,0.4,31.6,60000.0,63000.0,Pune,40.6,1.06,75.0,39603.0
Mixed Demolition Waste,Grade B,5.0,Tonnes,3.6,16.4,2250.0,2362.5,Chennai,23.3,1.02,55.00000000000001,1173.0
Marble Slabs,Grade B,800.0,sq.ft,5.3,27.5,168000.0,176400.0,Mumbai,8.6,1.18,55.00000000000001,89479.0
Asbestos / Hazardous Sheeting,Grade E,800.0,sq.ft,2.6,61.7,0.0,0.0,Pune,14.6,1.06,0.0,0.0
Cement Blocks,Grade B,100.0,Pieces,0.9,32.2,5200.0,5460.0,Hyderabad,38.5,1.05,55.00000000000001,2562.0
Marble Slabs,Grade A,100.0,sq.ft,2.5,28.4,21000.0,22050.0,Chennai,36.8,1.02,75.0,12369.0
Natural Stone Slabs,Grade D,60.0,Tonnes,0.3,43.0,66000.0,69300.0,Mumbai,24.4,1.18,22.0,13473.0
Window Glass,Grade B,250.0,sq.ft,3.5,2.2,18750.0,19687.5,Pune,22.5,1.06,55.00000000000001,10961.0
Red Bricks,Grade B,500.0,Pieces,13.4,12.4,5500.0,5775.0,Delhi,48.8,1.1,55.00000000000001,2883.0
Flush Doors,Grade B,100.0,Pieces,5.9,13.4,420000.0,441000.0,Delhi,21.3,1.1,55.00000000000001,219315.0
Ceramic Floor Tiles,Grade C,1200.0,sq.ft,1.2,77.3,50400.0,52920.0,Hyderabad,21.3,1.05,38.0,10979.0
Aluminum Windows,Grade A,100.0,Pieces,4.6,11.6,280000.0,294000.0,Pune,37.7,1.06,75.0,211320.0
Flush Doors,Grade B,50.0,Pieces,11.8,12.6,210000.0,220500.0,Mumbai,12.4,1.18,55.00000000000001,117903.0
Aluminum Windows,Grade B,50.0,Pieces,2.4,13.7,140000.0,147000.0,Mysuru,39.5,0.95,55.00000000000001,66191.0
Marble Slabs,Grade C,800.0,sq.ft,0.4,66.9,168000.0,176400.0,Chennai,49.0,1.02,38.0,37038.0
Window Glass,Grade B,250.0,sq.ft,7.5,11.4,18750.0,19687.5,Pune,35.8,1.06,55.00000000000001,10533.0
Electrical Wiring & Panels,Grade C,5000.0,Pieces,10.8,75.2,1100000.0,1155000.0,Mumbai,45.7,1.18,38.0,273748.0
Flush Doors,Grade A,50.0,Pieces,9.4,14.8,210000.0,220500.0,Delhi,16.1,1.1,75.0,151691.0
Red Bricks,Grade B,5000.0,Pieces,0.3,18.4,55000.0,57750.0,Mysuru,29.2,0.95,55.00000000000001,23778.0
Window Glass,Grade A,500.0,sq.ft,1.9,24.2,37500.0,39375.0,Delhi,9.4,1.1,75.0,26794.0
Window Glass,Grade A,100.0,sq.ft,10.6,11.6,7500.0,7875.0,Chennai,39.1,1.02,75.0,5218.0
Red Bricks,Grade B,2000.0,Pieces,5.0,6.8,22000.0,23100.0,Hyderabad,20.2,1.05,55.00000000000001,11550.0
Aluminum Windows,Grade C,200.0,Pieces,5.6,57.5,560000.0,588000.0,Bangalore,39.2,1.12,38.0,160207.0
Corrugated Roofing Sheets,Grade B,800.0,sq.ft,1.1,11.8,52000.0,54600.0,Chennai,6.4,1.02,55.00000000000001,27581.0
Concrete Rubble,Grade B,5.0,Tonnes,8.3,11.5,6000.0,6300.0,Hyderabad,6.1,1.05,55.00000000000001,3291.0
Natural Stone Slabs,Grade B,25.0,Tonnes,1.5,27.9,27500.0,28875.0,Hyderabad,20.9,1.05,55.00000000000001,13754.0
Electrical Wiring & Panels,Grade B,2000.0,Pieces,1.3,10.1,440000.0,462000.0,Delhi,35.4,1.1,55.00000000000001,263265.0
Cement Blocks,Grade E,100.0,Pieces,10.0,74.4,5200.0,5460.0,Mumbai,11.2,1.18,0.0,0.0
Corrugated Roofing Sheets,Grade B,250.0,sq.ft,1.1,4.0,16250.0,17062.5,Mumbai,42.3,1.18,55.00000000000001,10589.0
Aluminum Windows,Grade B,200.0,Pieces,3.4,29.7,560000.0,588000.0,Mumbai,10.4,1.18,55.00000000000001,293023.0
PVC Pipes,Grade B,200.0,Pieces,15.7,23.7,52000.0,54600.0,Chennai,23.5,1.02,55.00000000000001,25612.0
Window Glass,Grade A,500.0,sq.ft,8.6,22.5,37500.0,39375.0,Pune,45.8,1.06,75.0,25592.0
Ceramic Floor Tiles,Grade B,500.0,sq.ft,8.3,15.9,21000.0,22050.0,Chennai,25.5,1.02,55.00000000000001,10383.0
Construction Sand,Grade C,5.0,Tonnes,1.2,56.5,9000.0,9450.0,Chennai,11.9,1.02,38.0,2469.0
Concrete Rubble,Grade B,60.0,Tonnes,5.6,21.4,72000.0,75600.0,Mumbai,23.0,1.18,55.00000000000001,42436.0
Mixed Demolition Waste,Grade B,60.0,Tonnes,1.6,17.5,27000.0,28350.0,Mysuru,47.0,0.95,55.00000000000001,12113.0
Aluminum Windows,Grade B,500.0,Pieces,1.1,27.9,1400000.0,1470000.0,Chennai,25.6,1.02,55.00000000000001,646231.0
Ceramic Floor Tiles,Grade B,800.0,sq.ft,0.5,3.8,33600.0,35280.0,Delhi,33.4,1.1,55.00000000000001,20260.0
Window Glass,Grade B,800.0,sq.ft,2.1,19.3,60000.0,63000.0,Hyderabad,5.7,1.05,55.00000000000001,29637.0
Sanitaryware Ceramics,Grade A,2000.0,Pieces,2.0,29.4,1700000.0,1785000.0,Delhi,31.8,1.1,75.0,1118093.0
Natural Stone Slabs,Grade B,40.0,Tonnes,2.7,10.6,44000.0,46200.0,Mysuru,37.8,0.95,55.00000000000001,22189.0
Mixed Demolition Waste,Grade A,10.0,Tonnes,1.8,38.1,4500.0,4725.0,Chennai,38.3,1.02,75.0,2694.0
Mixed Demolition Waste,Grade C,15.0,Tonnes,5.3,19.5,6750.0,7087.5,Delhi,13.9,1.1,38.0,2549.0
Aluminum Windows,Grade C,200.0,Pieces,5.6,27.6,560000.0,588000.0,Bangalore,18.2,1.12,38.0,208955.0
Granite Slabs,Grade B,500.0,sq.ft,1.9,26.6,95000.0,99750.0,Mumbai,13.2,1.18,55.00000000000001,50975.0
Electrical Wiring & Panels,Grade B,2000.0,Pieces,1.4,39.8,440000.0,462000.0,Delhi,18.4,1.1,55.00000000000001,207574.0
Natural Stone Slabs,Grade C,10.0,Tonnes,2.1,81.4,11000.0,11550.0,Mysuru,32.1,0.95,38.0,1998.0
Granite Slabs,Grade B,800.0,sq.ft,0.5,25.6,152000.0,159600.0,Mysuru,34.3,0.95,55.00000000000001,62841.0
Concrete Rubble,Grade B,40.0,Tonnes,2.6,6.3,48000.0,50400.0,Chennai,5.2,1.02,55.00000000000001,25543.0
PVC Pipes,Grade D,500.0,Pieces,2.6,72.6,130000.0,136500.0,Pune,20.7,1.06,22.0,17703.0
Structural Wood / Timber,Grade D,100.0,sq.ft,1.1,44.7,13000.0,13650.0,Delhi,32.8,1.1,22.0,2210.0
Sanitaryware Ceramics,Grade B,5000.0,Pieces,1.6,23.9,4250000.0,4462500.0,Chennai,37.4,1.02,55.00000000000001,2271801.0
Structural Wood / Timber,Grade B,100.0,sq.ft,1.1,6.2,13000.0,13650.0,Mumbai,6.9,1.18,55.00000000000001,8092.0
Flush Doors,Grade A,100.0,Pieces,10.4,35.5,420000.0,441000.0,Mumbai,10.2,1.18,75.0,285302.0
Natural Stone Slabs,Grade B,5.0,Tonnes,1.5,10.0,5500.0,5775.0,Mysuru,27.5,0.95,55.00000000000001,2832.0
Asbestos / Hazardous Sheeting,Grade E,1200.0,sq.ft,2.1,42.2,0.0,0.0,Delhi,27.3,1.1,0.0,0.0
Mixed Demolition Waste,Grade B,60.0,Tonnes,0.7,8.4,27000.0,28350.0,Chennai,38.9,1.02,55.00000000000001,14785.0
Cement Blocks,Grade D,50.0,Pieces,2.1,81.2,2600.0,2730.0,Delhi,11.4,1.1,22.0,317.0
Mixed Demolition Waste,Grade B,25.0,Tonnes,12.8,37.9,11250.0,11812.5,Pune,48.9,1.06,55.00000000000001,5026.0
Natural Stone Slabs,Grade A,25.0,Tonnes,14.0,17.7,27500.0,28875.0,Hyderabad,41.3,1.05,75.0,19426.0
Mixed Demolition Waste,Grade C,10.0,Tonnes,8.4,72.1,4500.0,4725.0,Mumbai,40.1,1.18,38.0,1122.0
Window Glass,Grade B,100.0,sq.ft,0.2,24.0,7500.0,7875.0,Hyderabad,47.6,1.05,55.00000000000001,3652.0
Natural Stone Slabs,Grade B,15.0,Tonnes,2.3,9.3,16500.0,17325.0,Delhi,48.3,1.1,55.00000000000001,9362.0
Natural Stone Slabs,Grade D,40.0,Tonnes,1.5,48.3,44000.0,46200.0,Mumbai,38.6,1.18,22.0,8017.0
Cement Blocks,Grade D,2000.0,Pieces,2.3,81.7,104000.0,109200.0,Delhi,46.8,1.1,22.0,11408.0
Sanitaryware Ceramics,Grade B,5000.0,Pieces,8.4,31.3,4250000.0,4462500.0,Mumbai,31.7,1.18,55.00000000000001,2222089.0
Construction Sand,Grade C,40.0,Tonnes,0.5,53.2,72000.0,75600.0,Bangalore,47.4,1.12,38.0,21102.0
Granite Slabs,Grade A,250.0,sq.ft,2.7,23.5,47500.0,49875.0,Chennai,13.6,1.02,75.0,30831.0
Aluminum Windows,Grade D,2000.0,Pieces,7.3,55.6,5600000.0,5880000.0,Hyderabad,46.9,1.05,22.0,872419.0
Corrugated Roofing Sheets,Grade A,100.0,sq.ft,15.3,1.1,6500.0,6825.0,Chennai,20.1,1.02,75.0,5072.0
Structural Wood / Timber,Grade B,1200.0,sq.ft,2.5,21.1,156000.0,163800.0,Mysuru,11.9,0.95,55.00000000000001,71512.0
Granite Slabs,Grade C,100.0,sq.ft,2.6,52.4,19000.0,19950.0,Mysuru,41.3,0.95,38.0,4988.0
Galvanized Iron (GI) Pipes,Grade C,100.0,Pieces,7.0,71.2,55000.0,57750.0,Mumbai,6.2,1.18,38.0,14131.0
Cement Blocks,Grade C,50.0,Pieces,4.2,75.4,2600.0,2730.0,Hyderabad,33.9,1.05,38.0,570.0
Corrugated Roofing Sheets,Grade B,1200.0,sq.ft,1.0,23.4,78000.0,81900.0,Delhi,42.7,1.1,55.00000000000001,39441.0
PVC Pipes,Grade A,200.0,Pieces,4.8,28.1,52000.0,54600.0,Mysuru,25.0,0.95,75.0,32866.0
PVC Pipes,Grade C,100.0,Pieces,1.6,31.2,26000.0,27300.0,Bangalore,32.4,1.12,38.0,8789.0
Ceramic Floor Tiles,Grade D,250.0,sq.ft,0.9,65.7,10500.0,11025.0,Hyderabad,44.3,1.05,22.0,1474.0
Ceramic Floor Tiles,Grade B,800.0,sq.ft,3.3,6.9,33600.0,35280.0,Bangalore,43.6,1.12,55.00000000000001,20117.0
Marble Slabs,Grade B,500.0,sq.ft,9.7,4.9,105000.0,110250.0,Hyderabad,18.6,1.05,55.00000000000001,57916.0
Marble Slabs,Grade C,800.0,sq.ft,5.6,78.1,168000.0,176400.0,Chennai,6.9,1.02,38.0,34970.0
Asbestos / Hazardous Sheeting,Grade E,1200.0,sq.ft,2.5,64.5,0.0,0.0,Bangalore,10.2,1.12,0.0,0.0
Marble Slabs,Grade B,500.0,sq.ft,3.6,22.5,105000.0,110250.0,Hyderabad,16.4,1.05,55.00000000000001,54164.0
Construction Sand,Grade E,40.0,Tonnes,6.0,70.1,72000.0,75600.0,Delhi,44.5,1.1,0.0,0.0
Ceramic Floor Tiles,Grade A,250.0,sq.ft,20.2,14.9,10500.0,11025.0,Mysuru,10.0,0.95,75.0,7171.0
PVC Pipes,Grade A,2000.0,Pieces,0.2,8.6,520000.0,546000.0,Pune,24.6,1.06,75.0,398458.0
TMT Steel Rods,Grade B,500.0,kg,6.6,13.2,29000.0,30450.0,Bangalore,42.7,1.12,55.00000000000001,16575.0
Ceramic Floor Tiles,Grade A,100.0,sq.ft,0.8,21.5,4200.0,4410.0,Hyderabad,34.6,1.05,75.0,2863.0
PVC Pipes,Grade B,50.0,Pieces,1.3,13.1,13000.0,13650.0,Delhi,45.7,1.1,55.00000000000001,6971.0
Electrical Wiring & Panels,Grade C,5000.0,Pieces,6.0,71.7,1100000.0,1155000.0,Delhi,32.5,1.1,38.0,241979.0
Galvanized Iron (GI) Pipes,Grade A,200.0,Pieces,3.3,7.6,110000.0,115500.0,Delhi,27.2,1.1,75.0,85921.0
Structural Wood / Timber,Grade C,500.0,sq.ft,3.1,46.5,65000.0,68250.0,Mumbai,21.0,1.18,38.0,21219.0
Corrugated Roofing Sheets,Grade B,500.0,sq.ft,2.7,13.2,32500.0,34125.0,Mumbai,15.9,1.18,55.00000000000001,19833.0
Window Glass,Grade A,250.0,sq.ft,4.1,13.4,18750.0,19687.5,Delhi,16.5,1.1,75.0,13984.0
Flush Doors,Grade E,2000.0,Pieces,3.2,76.5,8400000.0,8820000.0,Mysuru,36.8,0.95,0.0,0.0
Electrical Wiring & Panels,Grade D,500.0,Pieces,0.4,67.7,110000.0,115500.0,Bangalore,34.3,1.12,22.0,16268.0
Galvanized Iron (GI) Pipes,Grade C,500.0,Pieces,3.5,32.7,275000.0,288750.0,Hyderabad,12.9,1.05,38.0,93040.0
PVC Pipes,Grade C,2000.0,Pieces,0.2,73.6,520000.0,546000.0,Delhi,14.9,1.1,38.0,119433.0
Marble Slabs,Grade C,100.0,sq.ft,1.7,70.8,21000.0,22050.0,Mysuru,15.2,0.95,38.0,4600.0
TMT Steel Rods,Grade A,1500.0,kg,0.7,10.4,87000.0,91350.0,Chennai,40.6,1.02,75.0,63351.0
Asbestos / Hazardous Sheeting,Grade E,100.0,sq.ft,0.5,85.2,0.0,0.0,Mysuru,26.4,0.95,0.0,0.0
Cement Blocks,Grade B,2000.0,Pieces,5.1,22.5,104000.0,109200.0,Chennai,46.2,1.02,55.00000000000001,51555.0
Aluminum Windows,Grade C,5000.0,Pieces,0.5,33.0,14000000.0,14700000.0,Chennai,35.6,1.02,38.0,3935579.0
Corrugated Roofing Sheets,Grade D,100.0,sq.ft,0.5,53.9,6500.0,6825.0,Mumbai,25.8,1.18,22.0,1133.0
Window Glass,Grade B,800.0,sq.ft,7.8,15.5,60000.0,63000.0,Delhi,46.3,1.1,55.00000000000001,33469.0
Cement Blocks,Grade B,100.0,Pieces,1.3,20.8,5200.0,5460.0,Pune,22.1,1.06,55.00000000000001,2577.0
Concrete Rubble,Grade A,5.0,Tonnes,4.8,5.8,6000.0,6300.0,Mumbai,21.7,1.18,75.0,5374.0
Window Glass,Grade D,100.0,sq.ft,1.8,86.7,7500.0,7875.0,Chennai,41.6,1.02,22.0,792.0
TMT Steel Rods,Grade B,500.0,kg,3.8,22.1,29000.0,30450.0,Bangalore,16.1,1.12,55.00000000000001,15479.0
Granite Slabs,Grade B,500.0,sq.ft,5.0,23.2,95000.0,99750.0,Delhi,6.6,1.1,55.00000000000001,45633.0
Construction Sand,Grade A,10.0,Tonnes,1.6,6.8,18000.0,18900.0,Pune,7.0,1.06,75.0,13854.0
Asbestos / Hazardous Sheeting,Grade E,500.0,sq.ft,0.7,58.2,0.0,0.0,Pune,5.8,1.06,0.0,0.0
Flush Doors,Grade C,1000.0,Pieces,3.1,56.8,4200000.0,4410000.0,Hyderabad,5.2,1.05,38.0,1137047.0
Red Bricks,Grade B,2000.0,Pieces,1.5,17.4,22000.0,23100.0,Hyderabad,42.1,1.05,55.00000000000001,10232.0
Marble Slabs,Grade A,250.0,sq.ft,1.3,10.4,52500.0,55125.0,Bangalore,48.1,1.12,75.0,42487.0
Window Glass,Grade C,100.0,sq.ft,5.8,34.9,7500.0,7875.0,Chennai,31.7,1.02,38.0,2312.0
Asbestos / Hazardous Sheeting,Grade E,250.0,sq.ft,2.2,44.9,0.0,0.0,Chennai,21.1,1.02,0.0,0.0
Asbestos / Hazardous Sheeting,Grade E,800.0,sq.ft,7.5,74.6,0.0,0.0,Chennai,35.0,1.02,0.0,0.0
Ceramic Floor Tiles,Grade A,800.0,sq.ft,3.7,15.2,33600.0,35280.0,Hyderabad,38.8,1.05,75.0,24630.0
TMT Steel Rods,Grade D,1500.0,kg,3.8,40.0,87000.0,91350.0,Hyderabad,32.3,1.05,22.0,15451.0
Structural Wood / Timber,Grade D,800.0,sq.ft,3.6,60.9,104000.0,109200.0,Hyderabad,39.6,1.05,22.0,16025.0
Structural Wood / Timber,Grade E,1200.0,sq.ft,1.5,72.9,156000.0,163800.0,Delhi,22.1,1.1,0.0,0.0
Asbestos / Hazardous Sheeting,Grade E,250.0,sq.ft,0.6,80.5,0.0,0.0,Hyderabad,7.1,1.05,0.0,0.0
Ceramic Floor Tiles,Grade B,800.0,sq.ft,4.1,14.1,33600.0,35280.0,Mumbai,28.3,1.18,55.00000000000001,21070.0
Window Glass,Grade E,1200.0,sq.ft,5.2,68.0,90000.0,94500.0,Delhi,11.7,1.1,0.0,0.0
Ceramic Floor Tiles,Grade C,500.0,sq.ft,2.3,29.1,21000.0,22050.0,Hyderabad,5.8,1.05,38.0,7011.0
Corrugated Roofing Sheets,Grade D,250.0,sq.ft,0.7,82.0,16250.0,17062.5,Chennai,36.5,1.02,22.0,1966.0
Corrugated Roofing Sheets,Grade C,100.0,sq.ft,3.6,37.6,6500.0,6825.0,Hyderabad,46.6,1.05,38.0,1867.0
TMT Steel Rods,Grade C,200.0,kg,6.6,52.9,11600.0,12180.0,Chennai,44.5,1.02,38.0,2986.0
Marble Slabs,Grade B,100.0,sq.ft,4.4,9.0,21000.0,22050.0,Hyderabad,37.9,1.05,55.00000000000001,11800.0
Construction Sand,Grade B,25.0,Tonnes,3.2,7.7,45000.0,47250.0,Chennai,33.0,1.02,55.00000000000001,23977.0
Galvanized Iron (GI) Pipes,Grade B,2000.0,Pieces,2.6,18.3,1100000.0,1155000.0,Mumbai,15.2,1.18,55.00000000000001,620685.0
Mixed Demolition Waste,Grade B,40.0,Tonnes,1.0,25.8,18000.0,18900.0,Bangalore,12.7,1.12,55.00000000000001,10023.0
Window Glass,Grade A,800.0,sq.ft,1.0,8.9,60000.0,63000.0,Delhi,16.9,1.1,75.0,47925.0
TMT Steel Rods,Grade A,500.0,kg,1.5,15.0,29000.0,30450.0,Hyderabad,18.1,1.05,75.0,20192.0
Electrical Wiring & Panels,Grade A,5000.0,Pieces,2.0,14.3,1100000.0,1155000.0,Chennai,9.5,1.02,75.0,785921.0
Electrical Wiring & Panels,Grade B,2000.0,Pieces,1.3,5.4,440000.0,462000.0,Mumbai,15.6,1.18,55.00000000000001,264835.0
Concrete Rubble,Grade A,15.0,Tonnes,0.7,11.6,18000.0,18900.0,Mysuru,11.7,0.95,75.0,12207.0
Mixed Demolition Waste,Grade A,40.0,Tonnes,4.0,20.8,18000.0,18900.0,Mysuru,41.9,0.95,75.0,10582.0
Granite Slabs,Grade B,800.0,sq.ft,1.6,16.8,152000.0,159600.0,Bangalore,5.6,1.12,55.00000000000001,87521.0
Mixed Demolition Waste,Grade B,10.0,Tonnes,0.8,17.8,4500.0,4725.0,Mysuru,45.0,0.95,55.00000000000001,2244.0
Concrete Rubble,Grade B,60.0,Tonnes,1.4,10.4,72000.0,75600.0,Bangalore,50.0,1.12,55.00000000000001,40818.0
Electrical Wiring & Panels,Grade B,200.0,Pieces,1.0,20.8,44000.0,46200.0,Hyderabad,44.9,1.05,55.00000000000001,22083.0
Asbestos / Hazardous Sheeting,Grade E,100.0,sq.ft,3.4,37.7,0.0,0.0,Bangalore,48.2,1.12,0.0,0.0
Window Glass,Grade A,500.0,sq.ft,2.6,4.6,37500.0,39375.0,Mysuru,10.4,0.95,75.0,26621.0
Red Bricks,Grade B,1000.0,Pieces,0.4,15.2,11000.0,11550.0,Mysuru,27.7,0.95,55.00000000000001,5138.0
Corrugated Roofing Sheets,Grade B,500.0,sq.ft,2.3,13.7,32500.0,34125.0,Hyderabad,19.4,1.05,55.00000000000001,17880.0
Granite Slabs,Grade C,100.0,sq.ft,0.6,49.9,19000.0,19950.0,Mysuru,34.8,0.95,38.0,4768.0
Structural Wood / Timber,Grade A,800.0,sq.ft,0.9,13.4,104000.0,109200.0,Delhi,5.6,1.1,75.0,81741.0
Sanitaryware Ceramics,Grade D,500.0,Pieces,1.0,66.6,425000.0,446250.0,Hyderabad,35.9,1.05,22.0,56779.0
Concrete Rubble,Grade A,15.0,Tonnes,3.4,12.3,18000.0,18900.0,Chennai,20.6,1.02,75.0,12646.0
TMT Steel Rods,Grade A,200.0,kg,12.6,36.6,11600.0,12180.0,Bangalore,30.7,1.12,75.0,7639.0
Corrugated Roofing Sheets,Grade B,100.0,sq.ft,0.9,41.8,6500.0,6825.0,Delhi,20.2,1.1,55.00000000000001,2887.0
Asbestos / Hazardous Sheeting,Grade E,250.0,sq.ft,2.3,74.9,0.0,0.0,Bangalore,40.0,1.12,0.0,0.0
PVC Pipes,Grade A,1000.0,Pieces,3.6,11.0,260000.0,273000.0,Chennai,13.7,1.02,75.0,176866.0
Electrical Wiring & Panels,Grade B,200.0,Pieces,0.4,17.4,44000.0,46200.0,Pune,19.8,1.06,55.00000000000001,22387.0
Asbestos / Hazardous Sheeting,Grade E,250.0,sq.ft,1.6,69.9,0.0,0.0,Delhi,15.9,1.1,0.0,0.0
Ceramic Floor Tiles,Grade B,100.0,sq.ft,7.3,28.2,4200.0,4410.0,Delhi,26.1,1.1,55.00000000000001,2149.0
Window Glass,Grade E,800.0,sq.ft,3.4,40.9,60000.0,63000.0,Mumbai,44.7,1.18,0.0,0.0
Flush Doors,Grade D,1000.0,Pieces,1.7,48.4,4200000.0,4410000.0,Mysuru,38.0,0.95,22.0,634363.0
Window Glass,Grade D,1200.0,sq.ft,4.6,50.6,90000.0,94500.0,Pune,27.5,1.06,22.0,14584.0
TMT Steel Rods,Grade C,200.0,kg,22.2,76.1,11600.0,12180.0,Mumbai,19.9,1.18,38.0,2704.0
TMT Steel Rods,Grade B,200.0,kg,1.3,12.7,11600.0,12180.0,Bangalore,49.1,1.12,55.00000000000001,6525.0
Asbestos / Hazardous Sheeting,Grade E,800.0,sq.ft,5.8,38.7,0.0,0.0,Pune,36.8,1.06,0.0,0.0
Granite Slabs,Grade D,800.0,sq.ft,1.9,12.0,152000.0,159600.0,Chennai,40.1,1.02,22.0,30482.0
Marble Slabs,Grade C,100.0,sq.ft,1.6,58.7,21000.0,22050.0,Delhi,44.0,1.1,38.0,5977.0
Construction Sand,Grade A,15.0,Tonnes,2.3,22.4,27000.0,28350.0,Hyderabad,36.5,1.05,75.0,19033.0
Asbestos / Hazardous Sheeting,Grade E,500.0,sq.ft,0.4,41.0,0.0,0.0,Hyderabad,13.5,1.05,0.0,0.0
Marble Slabs,Grade C,250.0,sq.ft,4.2,72.6,52500.0,55125.0,Pune,9.6,1.06,38.0,12397.0
TMT Steel Rods,Grade B,3000.0,kg,2.0,18.5,174000.0,182700.0,Hyderabad,23.2,1.05,55.00000000000001,91208.0
Marble Slabs,Grade A,100.0,sq.ft,1.6,18.8,21000.0,22050.0,Pune,48.2,1.06,75.0,15633.0
Cement Blocks,Grade C,2000.0,Pieces,11.3,62.6,104000.0,109200.0,Pune,19.6,1.06,38.0,27297.0
TMT Steel Rods,Grade B,500.0,kg,3.4,5.2,29000.0,30450.0,Chennai,16.1,1.02,55.00000000000001,15351.0
Cement Blocks,Grade A,5000.0,Pieces,3.7,8.9,260000.0,273000.0,Pune,24.5,1.06,75.0,193397.0
Corrugated Roofing Sheets,Grade B,100.0,sq.ft,0.8,13.1,6500.0,6825.0,Pune,32.5,1.06,55.00000000000001,3154.0
Granite Slabs,Grade A,1200.0,sq.ft,10.4,27.4,228000.0,239400.0,Mysuru,39.3,0.95,75.0,141864.0
Corrugated Roofing Sheets,Grade A,500.0,sq.ft,7.2,10.2,32500.0,34125.0,Chennai,36.8,1.02,75.0,22520.0
Asbestos / Hazardous Sheeting,Grade E,500.0,sq.ft,2.4,43.5,0.0,0.0,Pune,38.4,1.06,0.0,0.0
Red Bricks,Grade A,50.0,Pieces,4.6,13.0,550.0,577.5,Pune,37.1,1.06,75.0,395.0
Structural Wood / Timber,Grade A,800.0,sq.ft,1.1,15.6,104000.0,109200.0,Chennai,33.0,1.02,75.0,77020.0
TMT Steel Rods,Grade D,1500.0,kg,0.4,60.1,87000.0,91350.0,Mumbai,34.8,1.18,22.0,15318.0
Asbestos / Hazardous Sheeting,Grade E,100.0,sq.ft,0.3,56.7,0.0,0.0,Delhi,47.9,1.1,0.0,0.0
Galvanized Iron (GI) Pipes,Grade A,1000.0,Pieces,4.6,16.9,550000.0,577500.0,Mysuru,24.4,0.95,75.0,363866.0
Cement Blocks,Grade D,500.0,Pieces,0.8,73.0,26000.0,27300.0,Hyderabad,46.3,1.05,22.0,3523.0
Asbestos / Hazardous Sheeting,Grade E,500.0,sq.ft,5.4,61.2,0.0,0.0,Pune,11.5,1.06,0.0,0.0
Red Bricks,Grade A,100.0,Pieces,1.9,25.2,1100.0,1155.0,Mysuru,26.2,0.95,75.0,649.0
Flush Doors,Grade B,200.0,Pieces,0.4,8.4,840000.0,882000.0,Mysuru,16.5,0.95,55.00000000000001,413060.0
Cement Blocks,Grade C,500.0,Pieces,2.2,67.5,26000.0,27300.0,Mysuru,16.8,0.95,38.0,5513.0
Electrical Wiring & Panels,Grade E,100.0,Pieces,2.0,41.6,22000.0,23100.0,Bangalore,16.9,1.12,0.0,0.0
Flush Doors,Grade B,50.0,Pieces,1.3,19.4,210000.0,220500.0,Delhi,37.7,1.1,55.00000000000001,115805.0
Natural Stone Slabs,Grade D,25.0,Tonnes,1.5,47.6,27500.0,28875.0,Hyderabad,35.9,1.05,22.0,4817.0
PVC Pipes,Grade C,200.0,Pieces,0.6,48.9,52000.0,54600.0,Pune,16.3,1.06,38.0,14833.0
Electrical Wiring & Panels,Grade B,50.0,Pieces,0.7,25.7,11000.0,11550.0,Mysuru,13.0,0.95,55.00000000000001,4729.0
PVC Pipes,Grade A,100.0,Pieces,0.8,9.1,26000.0,27300.0,Mysuru,49.6,0.95,75.0,17162.0
Window Glass,Grade B,100.0,sq.ft,1.5,17.1,7500.0,7875.0,Chennai,17.1,1.02,55.00000000000001,3856.0
Flush Doors,Grade A,200.0,Pieces,2.3,2.4,840000.0,882000.0,Chennai,39.3,1.02,75.0,646780.0
Mixed Demolition Waste,Grade B,10.0,Tonnes,2.2,21.2,4500.0,4725.0,Pune,34.5,1.06,55.00000000000001,2241.0
Red Bricks,Grade E,2000.0,Pieces,3.7,62.4,22000.0,23100.0,Chennai,49.8,1.02,0.0,0.0
Galvanized Iron (GI) Pipes,Grade A,1000.0,Pieces,0.8,18.5,550000.0,577500.0,Pune,23.5,1.06,75.0,394975.0
Corrugated Roofing Sheets,Grade B,500.0,sq.ft,1.3,17.4,32500.0,34125.0,Delhi,25.1,1.1,55.00000000000001,17160.0
Granite Slabs,Grade D,250.0,sq.ft,7.9,45.5,47500.0,49875.0,Delhi,48.7,1.1,22.0,8801.0
PVC Pipes,Grade A,100.0,Pieces,3.7,21.5,26000.0,27300.0,Hyderabad,44.7,1.05,75.0,18487.0
PVC Pipes,Grade B,5000.0,Pieces,1.8,21.1,1300000.0,1365000.0,Chennai,8.6,1.02,55.00000000000001,708927.0
Cement Blocks,Grade B,200.0,Pieces,1.1,11.8,10400.0,10920.0,Pune,42.0,1.06,55.00000000000001,5565.0
TMT Steel Rods,Grade C,3000.0,kg,1.0,52.0,174000.0,182700.0,Hyderabad,28.7,1.05,38.0,45727.0
Structural Wood / Timber,Grade A,250.0,sq.ft,5.1,22.1,32500.0,34125.0,Hyderabad,7.9,1.05,75.0,22299.0
PVC Pipes,Grade C,100.0,Pieces,1.4,39.2,26000.0,27300.0,Hyderabad,18.0,1.05,38.0,8348.0
Sanitaryware Ceramics,Grade B,500.0,Pieces,1.8,13.1,425000.0,446250.0,Hyderabad,5.7,1.05,55.00000000000001,255480.0
TMT Steel Rods,Grade C,1500.0,kg,2.6,84.3,87000.0,91350.0,Pune,38.4,1.06,38.0,16493.0
Structural Wood / Timber,Grade D,800.0,sq.ft,9.1,74.3,104000.0,109200.0,Hyderabad,23.4,1.05,22.0,12412.0
Structural Wood / Timber,Grade A,500.0,sq.ft,3.9,8.5,65000.0,68250.0,Mumbai,10.3,1.18,75.0,53435.0
Electrical Wiring & Panels,Grade A,100.0,Pieces,7.1,10.8,22000.0,23100.0,Pune,17.3,1.06,75.0,15559.0
Marble Slabs,Grade B,800.0,sq.ft,0.5,30.7,168000.0,176400.0,Pune,43.4,1.06,55.00000000000001,84972.0
Natural Stone Slabs,Grade C,5.0,Tonnes,7.8,50.5,5500.0,5775.0,Mysuru,6.7,0.95,38.0,1410.0
Cement Blocks,Grade D,5000.0,Pieces,1.0,32.6,260000.0,273000.0,Bangalore,19.8,1.12,22.0,54446.0
Electrical Wiring & Panels,Grade B,5000.0,Pieces,2.3,11.9,1100000.0,1155000.0,Delhi,33.1,1.1,55.00000000000001,628492.0
Window Glass,Grade B,800.0,sq.ft,1.6,25.8,60000.0,63000.0,Mumbai,11.9,1.18,55.00000000000001,33832.0
Window Glass,Grade E,100.0,sq.ft,1.3,65.9,7500.0,7875.0,Mysuru,32.8,0.95,0.0,0.0
Structural Wood / Timber,Grade A,800.0,sq.ft,1.7,21.5,104000.0,109200.0,Bangalore,10.7,1.12,75.0,74262.0
Construction Sand,Grade B,15.0,Tonnes,7.9,10.8,27000.0,28350.0,Delhi,42.6,1.1,55.00000000000001,15478.0
Marble Slabs,Grade B,500.0,sq.ft,0.6,31.4,105000.0,110250.0,Hyderabad,41.1,1.05,55.00000000000001,47937.0
Sanitaryware Ceramics,Grade A,200.0,Pieces,7.2,22.9,170000.0,178500.0,Delhi,36.0,1.1,75.0,120088.0
Corrugated Roofing Sheets,Grade C,500.0,sq.ft,5.5,69.9,32500.0,34125.0,Pune,41.6,1.06,38.0,7203.0
PVC Pipes,Grade B,5000.0,Pieces,12.9,14.0,1300000.0,1365000.0,Pune,11.2,1.06,55.00000000000001,662611.0
Corrugated Roofing Sheets,Grade B,800.0,sq.ft,2.7,15.0,52000.0,54600.0,Delhi,39.3,1.1,55.00000000000001,29305.0
Ceramic Floor Tiles,Grade C,100.0,sq.ft,2.0,85.7,4200.0,4410.0,Hyderabad,12.1,1.05,38.0,828.0
Aluminum Windows,Grade A,5000.0,Pieces,4.4,24.5,14000000.0,14700000.0,Hyderabad,38.9,1.05,75.0,9656887.0
TMT Steel Rods,Grade B,1500.0,kg,11.3,13.7,87000.0,91350.0,Delhi,35.8,1.1,55.00000000000001,47572.0
Window Glass,Grade C,100.0,sq.ft,16.8,55.7,7500.0,7875.0,Chennai,11.3,1.02,38.0,1894.0
Construction Sand,Grade D,25.0,Tonnes,0.3,68.7,45000.0,47250.0,Pune,7.0,1.06,22.0,6632.0
Granite Slabs,Grade A,500.0,sq.ft,0.5,12.6,95000.0,99750.0,Mysuru,15.5,0.95,75.0,59920.0
Structural Wood / Timber,Grade B,800.0,sq.ft,0.3,1.4,104000.0,109200.0,Bangalore,20.5,1.12,55.00000000000001,63314.0
Construction Sand,Grade B,15.0,Tonnes,7.2,7.8,27000.0,28350.0,Pune,47.8,1.06,55.00000000000001,15000.0
Aluminum Windows,Grade D,5000.0,Pieces,5.7,33.4,14000000.0,14700000.0,Bangalore,48.3,1.12,22.0,2659109.0
Corrugated Roofing Sheets,Grade D,500.0,sq.ft,0.2,78.5,32500.0,34125.0,Chennai,48.8,1.02,22.0,3942.0
Asbestos / Hazardous Sheeting,Grade E,100.0,sq.ft,0.3,73.0,0.0,0.0,Mumbai,43.7,1.18,0.0,0.0
Marble Slabs,Grade C,100.0,sq.ft,3.7,54.7,21000.0,22050.0,Chennai,32.0,1.02,38.0,5584.0
Construction Sand,Grade A,5.0,Tonnes,1.2,13.1,9000.0,9450.0,Delhi,22.9,1.1,75.0,6888.0
Red Bricks,Grade A,5000.0,Pieces,4.2,10.3,55000.0,57750.0,Pune,31.2,1.06,75.0,38415.0
Electrical Wiring & Panels,Grade C,500.0,Pieces,1.0,57.2,110000.0,115500.0,Hyderabad,22.3,1.05,38.0,27497.0
Galvanized Iron (GI) Pipes,Grade B,100.0,Pieces,0.7,11.9,55000.0,57750.0,Bangalore,44.1,1.12,55.00000000000001,31279.0
Sanitaryware Ceramics,Grade B,500.0,Pieces,7.0,23.1,425000.0,446250.0,Delhi,6.3,1.1,55.00000000000001,212992.0
Electrical Wiring & Panels,Grade C,50.0,Pieces,1.7,36.4,11000.0,11550.0,Mysuru,40.0,0.95,38.0,3017.0
Cement Blocks,Grade B,1000.0,Pieces,1.5,11.8,52000.0,54600.0,Mysuru,8.5,0.95,55.00000000000001,24568.0
Concrete Rubble,Grade B,25.0,Tonnes,8.5,12.9,30000.0,31500.0,Hyderabad,10.6,1.05,55.00000000000001,14006.0
Galvanized Iron (GI) Pipes,Grade C,100.0,Pieces,1.6,67.0,55000.0,57750.0,Pune,21.4,1.06,38.0,12233.0
Red Bricks,Grade A,500.0,Pieces,0.9,22.6,5500.0,5775.0,Mysuru,15.6,0.95,75.0,3488.0
PVC Pipes,Grade D,1000.0,Pieces,1.1,75.1,260000.0,273000.0,Delhi,35.7,1.1,22.0,37397.0
Red Bricks,Grade E,5000.0,Pieces,1.1,69.3,55000.0,57750.0,Hyderabad,27.6,1.05,0.0,0.0
Corrugated Roofing Sheets,Grade B,250.0,sq.ft,1.8,32.6,16250.0,17062.5,Hyderabad,7.0,1.05,55.00000000000001,7208.0
Aluminum Windows,Grade B,200.0,Pieces,3.5,14.0,560000.0,588000.0,Mumbai,41.2,1.18,55.00000000000001,356242.0
Red Bricks,Grade B,5000.0,Pieces,0.9,4.6,55000.0,57750.0,Hyderabad,12.4,1.05,55.00000000000001,31015.0
Electrical Wiring & Panels,Grade B,100.0,Pieces,6.4,2.2,22000.0,23100.0,Mysuru,29.7,0.95,55.00000000000001,12117.0
Marble Slabs,Grade B,800.0,sq.ft,0.2,19.2,168000.0,176400.0,Hyderabad,36.1,1.05,55.00000000000001,86886.0
Construction Sand,Grade C,25.0,Tonnes,3.0,68.6,45000.0,47250.0,Delhi,20.5,1.1,38.0,9770.0
Window Glass,Grade B,250.0,sq.ft,0.6,35.0,18750.0,19687.5,Mumbai,15.4,1.18,55.00000000000001,9278.0
Window Glass,Grade C,800.0,sq.ft,0.6,61.9,60000.0,63000.0,Mysuru,36.2,0.95,38.0,13666.0
Construction Sand,Grade B,25.0,Tonnes,0.6,17.5,45000.0,47250.0,Bangalore,27.0,1.12,55.00000000000001,23803.0
Flush Doors,Grade E,100.0,Pieces,2.2,75.9,420000.0,441000.0,Hyderabad,9.7,1.05,0.0,0.0
Natural Stone Slabs,Grade C,40.0,Tonnes,1.4,72.3,44000.0,46200.0,Delhi,8.2,1.1,38.0,10766.0
Galvanized Iron (GI) Pipes,Grade B,500.0,Pieces,2.8,14.6,275000.0,288750.0,Pune,29.6,1.06,55.00000000000001,150857.0
TMT Steel Rods,Grade C,200.0,kg,0.5,49.2,11600.0,12180.0,Mumbai,26.7,1.18,38.0,3680.0
Electrical Wiring & Panels,Grade B,5000.0,Pieces,5.0,10.4,1100000.0,1155000.0,Delhi,32.1,1.1,55.00000000000001,590157.0
Marble Slabs,Grade B,500.0,sq.ft,1.8,13.8,105000.0,110250.0,Delhi,21.3,1.1,55.00000000000001,60325.0
Concrete Rubble,Grade B,25.0,Tonnes,1.3,41.0,30000.0,31500.0,Mysuru,31.3,0.95,55.00000000000001,11607.0
Construction Sand,Grade B,40.0,Tonnes,1.0,11.4,72000.0,75600.0,Mysuru,21.7,0.95,55.00000000000001,37692.0
Marble Slabs,Grade E,100.0,sq.ft,1.6,39.7,21000.0,22050.0,Chennai,10.6,1.02,0.0,0.0
Mixed Demolition Waste,Grade A,60.0,Tonnes,3.5,15.2,27000.0,28350.0,Delhi,19.0,1.1,75.0,19139.0
Asbestos / Hazardous Sheeting,Grade E,250.0,sq.ft,0.6,68.3,0.0,0.0,Bangalore,6.3,1.12,0.0,0.0
PVC Pipes,Grade B,5000.0,Pieces,8.9,11.1,1300000.0,1365000.0,Hyderabad,17.0,1.05,55.00000000000001,700163.0
Sanitaryware Ceramics,Grade C,5000.0,Pieces,1.3,40.0,4250000.0,4462500.0,Mumbai,42.3,1.18,38.0,1542852.0
Aluminum Windows,Grade B,2000.0,Pieces,0.2,27.8,5600000.0,5880000.0,Delhi,23.5,1.1,55.00000000000001,2660281.0
Construction Sand,Grade B,60.0,Tonnes,0.6,7.9,108000.0,113400.0,Mysuru,30.9,0.95,55.00000000000001,52370.0
Granite Slabs,Grade C,800.0,sq.ft,1.1,53.6,152000.0,159600.0,Hyderabad,10.1,1.05,38.0,40842.0
Flush Doors,Grade C,50.0,Pieces,0.5,59.1,210000.0,220500.0,Bangalore,14.5,1.12,38.0,62690.0
Concrete Rubble,Grade E,10.0,Tonnes,1.3,84.2,12000.0,12600.0,Hyderabad,6.1,1.05,0.0,0.0
Concrete Rubble,Grade A,60.0,Tonnes,2.4,37.2,72000.0,75600.0,Mysuru,5.8,0.95,75.0,43265.0
Granite Slabs,Grade B,500.0,sq.ft,3.0,35.8,95000.0,99750.0,Mumbai,33.5,1.18,55.00000000000001,55726.0
Cement Blocks,Grade B,200.0,Pieces,6.1,20.8,10400.0,10920.0,Mumbai,15.7,1.18,55.00000000000001,5432.0
Galvanized Iron (GI) Pipes,Grade A,1000.0,Pieces,0.3,21.6,550000.0,577500.0,Bangalore,29.3,1.12,75.0,394687.0
Mixed Demolition Waste,Grade A,25.0,Tonnes,8.2,30.0,11250.0,11812.5,Pune,45.2,1.06,75.0,7047.0
Natural Stone Slabs,Grade B,15.0,Tonnes,0.8,26.2,16500.0,17325.0,Hyderabad,19.3,1.05,55.00000000000001,7896.0
Mixed Demolition Waste,Grade A,40.0,Tonnes,1.7,15.0,18000.0,18900.0,Pune,31.5,1.06,75.0,13345.0
Ceramic Floor Tiles,Grade C,500.0,sq.ft,1.0,83.5,21000.0,22050.0,Mysuru,31.1,0.95,38.0,3818.0
Construction Sand,Grade E,15.0,Tonnes,0.6,20.3,27000.0,28350.0,Mysuru,37.7,0.95,0.0,0.0
Asbestos / Hazardous Sheeting,Grade E,100.0,sq.ft,3.1,36.2,0.0,0.0,Mumbai,14.5,1.18,0.0,0.0
Concrete Rubble,Grade C,60.0,Tonnes,2.2,57.0,72000.0,75600.0,Chennai,49.2,1.02,38.0,18711.0
Cement Blocks,Grade A,1000.0,Pieces,0.3,31.3,52000.0,54600.0,Chennai,19.2,1.02,75.0,32067.0
Red Bricks,Grade A,2000.0,Pieces,4.2,6.3,22000.0,23100.0,Mysuru,28.9,0.95,75.0,15266.0
Mixed Demolition Waste,Grade A,5.0,Tonnes,0.5,17.8,2250.0,2362.5,Bangalore,22.4,1.12,75.0,1672.0
Aluminum Windows,Grade C,1000.0,Pieces,1.8,67.1,2800000.0,2940000.0,Mumbai,17.1,1.18,38.0,725870.0
Sanitaryware Ceramics,Grade B,100.0,Pieces,1.1,26.5,85000.0,89250.0,Chennai,17.7,1.02,55.00000000000001,41899.0
Ceramic Floor Tiles,Grade E,1200.0,sq.ft,0.9,72.2,50400.0,52920.0,Delhi,25.9,1.1,0.0,0.0
Red Bricks,Grade A,1000.0,Pieces,0.6,13.9,11000.0,11550.0,Mysuru,13.2,0.95,75.0,7274.0
Ceramic Floor Tiles,Grade A,500.0,sq.ft,0.3,3.1,21000.0,22050.0,Pune,18.8,1.06,75.0,16583.0
Granite Slabs,Grade D,800.0,sq.ft,1.0,58.5,152000.0,159600.0,Mysuru,39.1,0.95,22.0,20499.0
Galvanized Iron (GI) Pipes,Grade C,1000.0,Pieces,4.9,68.7,550000.0,577500.0,Delhi,5.3,1.1,38.0,131783.0
Asbestos / Hazardous Sheeting,Grade E,100.0,sq.ft,4.3,65.9,0.0,0.0,Chennai,33.7,1.02,0.0,0.0
Mixed Demolition Waste,Grade C,5.0,Tonnes,1.0,26.3,2250.0,2362.5,Hyderabad,45.3,1.05,38.0,730.0
Red Bricks,Grade A,500.0,Pieces,1.4,9.2,5500.0,5775.0,Hyderabad,6.2,1.05,75.0,4422.0
Flush Doors,Grade A,50.0,Pieces,3.5,2.5,210000.0,220500.0,Mumbai,41.6,1.18,75.0,172253.0
Natural Stone Slabs,Grade A,60.0,Tonnes,4.4,21.8,66000.0,69300.0,Bangalore,16.7,1.12,75.0,47907.0
Galvanized Iron (GI) Pipes,Grade B,5000.0,Pieces,3.4,19.2,2750000.0,2887500.0,Delhi,48.5,1.1,55.00000000000001,1440877.0
Asbestos / Hazardous Sheeting,Grade E,1200.0,sq.ft,1.9,44.8,0.0,0.0,Pune,37.1,1.06,0.0,0.0
Red Bricks,Grade A,500.0,Pieces,1.8,22.7,5500.0,5775.0,Mumbai,6.5,1.18,75.0,4101.0
Corrugated Roofing Sheets,Grade B,250.0,sq.ft,2.9,13.1,16250.0,17062.5,Chennai,14.4,1.02,55.00000000000001,8766.0
Marble Slabs,Grade B,500.0,sq.ft,2.3,19.9,105000.0,110250.0,Mysuru,24.0,0.95,55.00000000000001,49435.0
Corrugated Roofing Sheets,Grade A,100.0,sq.ft,0.4,12.8,6500.0,6825.0,Chennai,42.3,1.02,75.0,4326.0
Sanitaryware Ceramics,Grade E,5000.0,Pieces,5.5,75.5,4250000.0,4462500.0,Mumbai,7.8,1.18,0.0,0.0
Asbestos / Hazardous Sheeting,Grade E,800.0,sq.ft,6.9,43.9,0.0,0.0,Chennai,47.8,1.02,0.0,0.0
Mixed Demolition Waste,Grade A,40.0,Tonnes,1.4,24.4,18000.0,18900.0,Mysuru,39.8,0.95,75.0,11393.0
Granite Slabs,Grade C,100.0,sq.ft,3.7,43.9,19000.0,19950.0,Mysuru,45.2,0.95,38.0,5087.0
Corrugated Roofing Sheets,Grade A,1200.0,sq.ft,1.0,4.0,78000.0,81900.0,Mumbai,36.3,1.18,75.0,68694.0
Ceramic Floor Tiles,Grade D,100.0,sq.ft,3.3,31.1,4200.0,4410.0,Mumbai,25.5,1.18,22.0,931.0
Flush Doors,Grade E,200.0,Pieces,1.9,54.5,840000.0,882000.0,Pune,29.5,1.06,0.0,0.0
Asbestos / Hazardous Sheeting,Grade E,1200.0,sq.ft,1.6,37.1,0.0,0.0,Delhi,6.8,1.1,0.0,0.0
Window Glass,Grade B,100.0,sq.ft,3.5,30.1,7500.0,7875.0,Pune,49.3,1.06,55.00000000000001,3592.0
Mixed Demolition Waste,Grade B,15.0,Tonnes,3.2,30.2,6750.0,7087.5,Mumbai,13.6,1.18,55.00000000000001,3698.0
Asbestos / Hazardous Sheeting,Grade E,250.0,sq.ft,1.0,75.6,0.0,0.0,Mysuru,32.7,0.95,0.0,0.0
Electrical Wiring & Panels,Grade A,5000.0,Pieces,2.5,30.0,1100000.0,1155000.0,Chennai,21.7,1.02,75.0,722587.0
Aluminum Windows,Grade D,100.0,Pieces,8.1,55.3,280000.0,294000.0,Hyderabad,32.3,1.05,22.0,43499.0
Mixed Demolition Waste,Grade A,25.0,Tonnes,1.7,2.5,11250.0,11812.5,Hyderabad,33.5,1.05,75.0,8581.0
Structural Wood / Timber,Grade A,500.0,sq.ft,2.3,40.9,65000.0,68250.0,Mumbai,46.7,1.18,75.0,40444.0
Flush Doors,Grade A,200.0,Pieces,1.8,31.2,840000.0,882000.0,Pune,34.4,1.06,75.0,561878.0
Cement Blocks,Grade A,500.0,Pieces,1.2,30.2,26000.0,27300.0,Chennai,45.2,1.02,75.0,15956.0
Asbestos / Hazardous Sheeting,Grade E,500.0,sq.ft,3.6,66.2,0.0,0.0,Delhi,29.3,1.1,0.0,0.0
Electrical Wiring & Panels,Grade B,1000.0,Pieces,5.8,34.7,220000.0,231000.0,Mumbai,26.7,1.18,55.00000000000001,112941.0
Granite Slabs,Grade C,100.0,sq.ft,1.4,77.2,19000.0,19950.0,Mysuru,36.5,0.95,38.0,3636.0
Red Bricks,Grade E,200.0,Pieces,1.8,75.3,2200.0,2310.0,Pune,10.5,1.06,0.0,0.0
Structural Wood / Timber,Grade B,1200.0,sq.ft,3.4,21.7,156000.0,163800.0,Mumbai,41.6,1.18,55.00000000000001,86147.0
Electrical Wiring & Panels,Grade B,5000.0,Pieces,0.9,24.8,1100000.0,1155000.0,Bangalore,10.1,1.12,55.00000000000001,577807.0
Flush Doors,Grade C,1000.0,Pieces,1.1,50.7,4200000.0,4410000.0,Hyderabad,13.6,1.05,38.0,1158749.0
PVC Pipes,Grade B,5000.0,Pieces,4.8,13.5,1300000.0,1365000.0,Mysuru,10.0,0.95,55.00000000000001,658308.0
Sanitaryware Ceramics,Grade B,500.0,Pieces,2.8,8.9,425000.0,446250.0,Hyderabad,21.2,1.05,55.00000000000001,227215.0
Marble Slabs,Grade B,500.0,sq.ft,1.1,28.0,105000.0,110250.0,Bangalore,20.4,1.12,55.00000000000001,51672.0
Electrical Wiring & Panels,Grade A,2000.0,Pieces,3.1,12.1,440000.0,462000.0,Mumbai,24.2,1.18,75.0,358792.0
Corrugated Roofing Sheets,Grade A,800.0,sq.ft,3.9,6.0,52000.0,54600.0,Bangalore,21.2,1.12,75.0,41400.0
PVC Pipes,Grade D,500.0,Pieces,1.9,61.5,130000.0,136500.0,Pune,46.7,1.06,22.0,19107.0
Ceramic Floor Tiles,Grade B,100.0,sq.ft,0.3,10.8,4200.0,4410.0,Bangalore,30.7,1.12,55.00000000000001,2192.0
Corrugated Roofing Sheets,Grade A,100.0,sq.ft,2.3,9.8,6500.0,6825.0,Delhi,16.8,1.1,75.0,4910.0
Natural Stone Slabs,Grade D,5.0,Tonnes,7.8,58.9,5500.0,5775.0,Mysuru,25.6,0.95,22.0,766.0
Ceramic Floor Tiles,Grade B,100.0,sq.ft,2.1,11.5,4200.0,4410.0,Mysuru,45.1,0.95,55.00000000000001,2100.0
Structural Wood / Timber,Grade A,250.0,sq.ft,5.8,14.9,32500.0,34125.0,Bangalore,40.6,1.12,75.0,25889.0
Construction Sand,Grade B,60.0,Tonnes,1.0,9.2,108000.0,113400.0,Delhi,8.8,1.1,55.00000000000001,60921.0
Natural Stone Slabs,Grade C,5.0,Tonnes,0.6,28.2,5500.0,5775.0,Chennai,27.0,1.02,38.0,1769.0
Marble Slabs,Grade C,100.0,sq.ft,3.3,87.9,21000.0,22050.0,Mysuru,19.1,0.95,38.0,3859.0
Mixed Demolition Waste,Grade B,5.0,Tonnes,0.8,15.0,2250.0,2362.5,Delhi,28.9,1.1,55.00000000000001,1205.0
Sanitaryware Ceramics,Grade C,1000.0,Pieces,1.9,61.0,850000.0,892500.0,Delhi,33.8,1.1,38.0,220428.0
Mixed Demolition Waste,Grade E,60.0,Tonnes,0.2,68.4,27000.0,28350.0,Bangalore,30.3,1.12,0.0,0.0
Concrete Rubble,Grade A,60.0,Tonnes,4.6,19.5,72000.0,75600.0,Hyderabad,21.5,1.05,75.0,50671.0
Asbestos / Hazardous Sheeting,Grade E,800.0,sq.ft,1.2,47.4,0.0,0.0,Mysuru,30.3,0.95,0.0,0.0
Cement Blocks,Grade B,1000.0,Pieces,3.7,26.8,52000.0,54600.0,Pune,11.3,1.06,55.00000000000001,23768.0
Cement Blocks,Grade B,200.0,Pieces,2.4,8.9,10400.0,10920.0,Pune,28.2,1.06,55.00000000000001,5999.0
Asbestos / Hazardous Sheeting,Grade E,800.0,sq.ft,3.6,68.2,0.0,0.0,Mysuru,44.0,0.95,0.0,0.0
Granite Slabs,Grade B,1200.0,sq.ft,3.7,35.9,228000.0,239400.0,Mysuru,21.4,0.95,55.00000000000001,96899.0
Concrete Rubble,Grade D,10.0,Tonnes,0.6,62.6,12000.0,12600.0,Delhi,9.2,1.1,22.0,1840.0
Flush Doors,Grade B,1000.0,Pieces,5.0,24.0,4200000.0,4410000.0,Delhi,35.8,1.1,55.00000000000001,2203170.0
Corrugated Roofing Sheets,Grade B,1200.0,sq.ft,1.3,27.1,78000.0,81900.0,Delhi,6.8,1.1,55.00000000000001,38169.0
Mixed Demolition Waste,Grade B,40.0,Tonnes,5.2,18.4,18000.0,18900.0,Chennai,26.9,1.02,55.00000000000001,8738.0
Galvanized Iron (GI) Pipes,Grade B,2000.0,Pieces,0.6,9.6,1100000.0,1155000.0,Mysuru,33.1,0.95,55.00000000000001,542218.0
TMT Steel Rods,Grade A,200.0,kg,3.3,27.7,11600.0,12180.0,Mumbai,10.6,1.18,75.0,8393.0
PVC Pipes,Grade B,2000.0,Pieces,3.5,10.9,520000.0,546000.0,Delhi,42.4,1.1,55.00000000000001,315175.0
TMT Steel Rods,Grade B,3000.0,kg,9.0,4.6,174000.0,182700.0,Bangalore,17.9,1.12,55.00000000000001,102457.0
Aluminum Windows,Grade B,50.0,Pieces,4.4,8.7,140000.0,147000.0,Chennai,24.2,1.02,55.00000000000001,78904.0
Corrugated Roofing Sheets,Grade B,800.0,sq.ft,2.5,13.6,52000.0,54600.0,Chennai,26.0,1.02,55.00000000000001,26313.0
Mixed Demolition Waste,Grade B,25.0,Tonnes,0.3,30.6,11250.0,11812.5,Hyderabad,39.6,1.05,55.00000000000001,5465.0
Window Glass,Grade B,1200.0,sq.ft,8.5,39.3,90000.0,94500.0,Delhi,31.9,1.1,55.00000000000001,40015.0
Flush Doors,Grade C,500.0,Pieces,7.0,39.9,2100000.0,2205000.0,Hyderabad,19.9,1.05,38.0,615109.0
Red Bricks,Grade A,200.0,Pieces,2.9,10.4,2200.0,2310.0,Delhi,10.4,1.1,75.0,1597.0
Cement Blocks,Grade A,50.0,Pieces,3.1,42.7,2600.0,2730.0,Mysuru,18.4,0.95,75.0,1261.0
Flush Doors,Grade A,200.0,Pieces,0.9,27.1,840000.0,882000.0,Chennai,14.8,1.02,75.0,549603.0
Construction Sand,Grade A,10.0,Tonnes,4.8,19.1,18000.0,18900.0,Bangalore,21.8,1.12,75.0,12838.0
Ceramic Floor Tiles,Grade A,100.0,sq.ft,5.2,22.7,4200.0,4410.0,Mysuru,41.7,0.95,75.0,2802.0
Natural Stone Slabs,Grade B,10.0,Tonnes,6.3,3.0,11000.0,11550.0,Chennai,5.7,1.02,55.00000000000001,5976.0
TMT Steel Rods,Grade D,1000.0,kg,5.3,69.9,58000.0,60900.0,Mumbai,10.3,1.18,22.0,8777.0
Mixed Demolition Waste,Grade C,10.0,Tonnes,3.7,75.3,4500.0,4725.0,Pune,6.7,1.06,38.0,946.0
Construction Sand,Grade D,25.0,Tonnes,17.7,45.6,45000.0,47250.0,Delhi,32.5,1.1,22.0,7846.0
Window Glass,Grade B,1200.0,sq.ft,8.1,15.1,90000.0,94500.0,Bangalore,44.6,1.12,55.00000000000001,52675.0
Granite Slabs,Grade A,250.0,sq.ft,2.3,13.2,47500.0,49875.0,Bangalore,46.1,1.12,75.0,35623.0
Mixed Demolition Waste,Grade D,10.0,Tonnes,1.3,72.4,4500.0,4725.0,Delhi,48.3,1.1,22.0,656.0
TMT Steel Rods,Grade A,3000.0,kg,1.6,17.7,174000.0,182700.0,Pune,29.6,1.06,75.0,127254.0
Natural Stone Slabs,Grade C,40.0,Tonnes,1.6,68.2,44000.0,46200.0,Chennai,5.8,1.02,38.0,9545.0
Window Glass,Grade C,800.0,sq.ft,4.0,37.5,60000.0,63000.0,Bangalore,34.2,1.12,38.0,19167.0
Asbestos / Hazardous Sheeting,Grade E,500.0,sq.ft,1.2,11.6,0.0,0.0,Chennai,12.1,1.02,0.0,0.0
Cement Blocks,Grade A,2000.0,Pieces,9.8,17.0,104000.0,109200.0,Hyderabad,17.2,1.05,75.0,71500.0
Red Bricks,Grade C,50.0,Pieces,5.0,42.7,550.0,577.5,Delhi,22.9,1.1,38.0,171.0
Electrical Wiring & Panels,Grade B,100.0,Pieces,0.7,12.7,22000.0,23100.0,Hyderabad,25.5,1.05,55.00000000000001,11486.0
Mixed Demolition Waste,Grade C,40.0,Tonnes,11.0,79.2,18000.0,18900.0,Delhi,17.9,1.1,38.0,3910.0
Structural Wood / Timber,Grade B,800.0,sq.ft,5.1,22.9,104000.0,109200.0,Bangalore,29.6,1.12,55.00000000000001,55068.0
Natural Stone Slabs,Grade B,15.0,Tonnes,4.5,42.2,16500.0,17325.0,Chennai,31.6,1.02,55.00000000000001,6871.0
Construction Sand,Grade B,15.0,Tonnes,3.9,8.9,27000.0,28350.0,Chennai,47.6,1.02,55.00000000000001,14576.0
Galvanized Iron (GI) Pipes,Grade C,50.0,Pieces,0.7,81.6,27500.0,28875.0,Chennai,37.2,1.02,38.0,5401.0
Marble Slabs,Grade A,500.0,sq.ft,1.0,16.8,105000.0,110250.0,Hyderabad,10.8,1.05,75.0,77009.0
TMT Steel Rods,Grade A,200.0,kg,4.7,9.3,11600.0,12180.0,Mumbai,15.9,1.18,75.0,9818.0
PVC Pipes,Grade D,2000.0,Pieces,13.1,34.9,520000.0,546000.0,Mumbai,7.5,1.18,22.0,112960.0
PVC Pipes,Grade E,500.0,Pieces,11.2,76.9,130000.0,136500.0,Chennai,22.1,1.02,0.0,0.0
Asbestos / Hazardous Sheeting,Grade E,1200.0,sq.ft,1.2,50.9,0.0,0.0,Hyderabad,8.3,1.05,0.0,0.0
Galvanized Iron (GI) Pipes,Grade A,200.0,Pieces,7.5,5.1,110000.0,115500.0,Chennai,12.3,1.02,75.0,80868.0
Granite Slabs,Grade D,500.0,sq.ft,3.5,39.8,95000.0,99750.0,Pune,39.9,1.06,22.0,17256.0
Concrete Rubble,Grade B,40.0,Tonnes,2.3,16.6,48000.0,50400.0,Delhi,34.9,1.1,55.00000000000001,25387.0
Galvanized Iron (GI) Pipes,Grade A,500.0,Pieces,4.2,6.5,275000.0,288750.0,Mumbai,11.8,1.18,75.0,246333.0
Window Glass,Grade B,250.0,sq.ft,4.0,12.9,18750.0,19687.5,Pune,40.7,1.06,55.00000000000001,9801.0
Asbestos / Hazardous Sheeting,Grade E,500.0,sq.ft,4.2,82.3,0.0,0.0,Delhi,23.1,1.1,0.0,0.0
Mixed Demolition Waste,Grade A,25.0,Tonnes,0.7,10.3,11250.0,11812.5,Mysuru,7.3,0.95,75.0,7789.0
Construction Sand,Grade B,10.0,Tonnes,8.1,19.2,18000.0,18900.0,Pune,5.8,1.06,55.00000000000001,9087.0
Red Bricks,Grade A,500.0,Pieces,0.9,21.6,5500.0,5775.0,Pune,14.7,1.06,75.0,4005.0
Concrete Rubble,Grade D,60.0,Tonnes,8.9,46.3,72000.0,75600.0,Bangalore,7.2,1.12,22.0,12447.0
Asbestos / Hazardous Sheeting,Grade E,500.0,sq.ft,3.9,78.8,0.0,0.0,Bangalore,27.9,1.12,0.0,0.0
Cement Blocks,Grade E,500.0,Pieces,8.3,74.1,26000.0,27300.0,Hyderabad,46.5,1.05,0.0,0.0
Aluminum Windows,Grade C,200.0,Pieces,3.5,63.9,560000.0,588000.0,Mumbai,9.1,1.18,38.0,148873.0
Red Bricks,Grade C,5000.0,Pieces,6.4,75.3,55000.0,57750.0,Delhi,32.5,1.1,38.0,12770.0
Cement Blocks,Grade E,50.0,Pieces,6.4,43.8,2600.0,2730.0,Delhi,36.1,1.1,0.0,0.0
Granite Slabs,Grade B,800.0,sq.ft,0.7,3.8,152000.0,159600.0,Chennai,37.6,1.02,55.00000000000001,85441.0
Aluminum Windows,Grade A,200.0,Pieces,1.7,7.7,560000.0,588000.0,Delhi,15.1,1.1,75.0,401724.0
Granite Slabs,Grade A,250.0,sq.ft,6.7,38.3,47500.0,49875.0,Mysuru,9.2,0.95,75.0,24658.0
Corrugated Roofing Sheets,Grade C,500.0,sq.ft,0.6,29.7,32500.0,34125.0,Delhi,31.2,1.1,38.0,10790.0
TMT Steel Rods,Grade B,3000.0,kg,3.8,8.2,174000.0,182700.0,Mumbai,29.7,1.18,55.00000000000001,101674.0
Aluminum Windows,Grade C,50.0,Pieces,3.9,72.2,140000.0,147000.0,Mumbai,21.2,1.18,38.0,36728.0
Marble Slabs,Grade A,500.0,sq.ft,1.3,9.5,105000.0,110250.0,Bangalore,17.4,1.12,75.0,80225.0
Cement Blocks,Grade B,5000.0,Pieces,1.2,3.8,260000.0,273000.0,Mysuru,49.5,0.95,55.00000000000001,133396.0
Concrete Rubble,Grade C,25.0,Tonnes,4.4,63.2,30000.0,31500.0,Hyderabad,20.5,1.05,38.0,7453.0
Asbestos / Hazardous Sheeting,Grade E,800.0,sq.ft,2.5,65.4,0.0,0.0,Hyderabad,13.5,1.05,0.0,0.0
Ceramic Floor Tiles,Grade A,800.0,sq.ft,3.7,5.0,33600.0,35280.0,Pune,18.6,1.06,75.0,27014.0
Marble Slabs,Grade C,1200.0,sq.ft,6.7,54.7,252000.0,264600.0,Pune,23.3,1.06,38.0,65905.0
Window Glass,Grade D,250.0,sq.ft,0.3,35.0,18750.0,19687.5,Mumbai,29.7,1.18,22.0,3954.0
Galvanized Iron (GI) Pipes,Grade B,5000.0,Pieces,0.4,15.1,2750000.0,2887500.0,Delhi,16.9,1.1,55.00000000000001,1562736.0
TMT Steel Rods,Grade D,3000.0,kg,4.4,74.4,174000.0,182700.0,Chennai,5.2,1.02,22.0,20317.0
Sanitaryware Ceramics,Grade B,1000.0,Pieces,5.5,18.4,850000.0,892500.0,Chennai,18.8,1.02,55.00000000000001,428808.0
Window Glass,Grade B,500.0,sq.ft,0.5,16.9,37500.0,39375.0,Mysuru,15.9,0.95,55.00000000000001,17689.0
Granite Slabs,Grade C,1200.0,sq.ft,4.5,32.1,228000.0,239400.0,Chennai,29.4,1.02,38.0,69606.0
Granite Slabs,Grade A,800.0,sq.ft,0.7,28.3,152000.0,159600.0,Mysuru,44.6,0.95,75.0,87478.0
Concrete Rubble,Grade B,10.0,Tonnes,7.7,26.1,12000.0,12600.0,Mumbai,26.4,1.18,55.00000000000001,6618.0
Red Bricks,Grade B,100.0,Pieces,1.0,22.3,1100.0,1155.0,Chennai,37.8,1.02,55.00000000000001,535.0
Granite Slabs,Grade A,1200.0,sq.ft,0.3,25.4,228000.0,239400.0,Delhi,34.7,1.1,75.0,162097.0
Flush Doors,Grade D,200.0,Pieces,1.6,77.2,840000.0,882000.0,Hyderabad,49.2,1.05,22.0,103910.0
Corrugated Roofing Sheets,Grade B,800.0,sq.ft,12.2,10.1,52000.0,54600.0,Chennai,16.1,1.02,55.00000000000001,28163.0
Galvanized Iron (GI) Pipes,Grade E,500.0,Pieces,3.5,56.5,275000.0,288750.0,Chennai,24.3,1.02,0.0,0.0
Granite Slabs,Grade A,1200.0,sq.ft,2.2,9.5,228000.0,239400.0,Chennai,7.7,1.02,75.0,161824.0
Flush Doors,Grade B,500.0,Pieces,1.6,5.2,2100000.0,2205000.0,Pune,34.1,1.06,55.00000000000001,1206150.0
Sanitaryware Ceramics,Grade B,500.0,Pieces,2.6,7.0,425000.0,446250.0,Delhi,12.2,1.1,55.00000000000001,261541.0
Structural Wood / Timber,Grade D,800.0,sq.ft,2.3,63.2,104000.0,109200.0,Mysuru,41.9,0.95,22.0,13676.0
Galvanized Iron (GI) Pipes,Grade C,2000.0,Pieces,2.3,75.4,1100000.0,1155000.0,Chennai,16.6,1.02,38.0,220535.0
Construction Sand,Grade E,25.0,Tonnes,0.6,74.5,45000.0,47250.0,Delhi,47.6,1.1,0.0,0.0
Galvanized Iron (GI) Pipes,Grade B,100.0,Pieces,3.1,4.2,55000.0,57750.0,Pune,7.4,1.06,55.00000000000001,29977.0
Mixed Demolition Waste,Grade B,60.0,Tonnes,2.1,44.7,27000.0,28350.0,Hyderabad,13.3,1.05,55.00000000000001,10921.0
Ceramic Floor Tiles,Grade D,250.0,sq.ft,3.3,57.9,10500.0,11025.0,Mysuru,45.3,0.95,22.0,1363.0
Sanitaryware Ceramics,Grade C,5000.0,Pieces,1.2,47.8,4250000.0,4462500.0,Mysuru,44.0,0.95,38.0,1079353.0
TMT Steel Rods,Grade C,200.0,kg,4.3,59.3,11600.0,12180.0,Delhi,8.9,1.1,38.0,2863.0
Granite Slabs,Grade C,100.0,sq.ft,0.2,72.5,19000.0,19950.0,Delhi,30.7,1.1,38.0,4282.0
Cement Blocks,Grade A,2000.0,Pieces,7.5,15.3,104000.0,109200.0,Mysuru,33.8,0.95,75.0,69745.0
Galvanized Iron (GI) Pipes,Grade A,50.0,Pieces,3.1,13.9,27500.0,28875.0,Mumbai,27.4,1.18,75.0,22336.0
Concrete Rubble,Grade B,10.0,Tonnes,3.3,17.9,12000.0,12600.0,Delhi,19.4,1.1,55.00000000000001,6525.0
TMT Steel Rods,Grade C,1500.0,kg,2.6,70.5,87000.0,91350.0,Hyderabad,20.8,1.05,38.0,21249.0
PVC Pipes,Grade C,50.0,Pieces,3.1,58.5,13000.0,13650.0,Chennai,48.3,1.02,38.0,3028.0
Construction Sand,Grade C,40.0,Tonnes,19.1,40.6,72000.0,75600.0,Bangalore,28.3,1.12,38.0,22908.0
Corrugated Roofing Sheets,Grade A,1200.0,sq.ft,0.5,28.1,78000.0,81900.0,Pune,37.6,1.06,75.0,52978.0
Sanitaryware Ceramics,Grade B,1000.0,Pieces,1.2,20.1,850000.0,892500.0,Chennai,25.2,1.02,55.00000000000001,465746.0
PVC Pipes,Grade B,500.0,Pieces,3.0,21.5,130000.0,136500.0,Hyderabad,7.0,1.05,55.00000000000001,63577.0
Natural Stone Slabs,Grade C,25.0,Tonnes,2.1,55.3,27500.0,28875.0,Mumbai,26.1,1.18,38.0,7956.0
Natural Stone Slabs,Grade B,10.0,Tonnes,7.2,32.6,11000.0,11550.0,Chennai,9.6,1.02,55.00000000000001,4952.0
Asbestos / Hazardous Sheeting,Grade E,100.0,sq.ft,0.3,69.8,0.0,0.0,Bangalore,14.0,1.12,0.0,0.0
Aluminum Windows,Grade B,500.0,Pieces,0.3,13.8,1400000.0,1470000.0,Bangalore,27.2,1.12,55.00000000000001,777076.0
Corrugated Roofing Sheets,Grade B,250.0,sq.ft,4.3,29.9,16250.0,17062.5,Hyderabad,49.8,1.05,55.00000000000001,7195.0
Cement Blocks,Grade C,2000.0,Pieces,2.7,41.7,104000.0,109200.0,Delhi,10.1,1.1,38.0,31844.0
Marble Slabs,Grade D,1200.0,sq.ft,0.3,51.5,252000.0,264600.0,Delhi,24.3,1.1,22.0,44291.0
Concrete Rubble,Grade B,15.0,Tonnes,0.5,14.8,18000.0,18900.0,Bangalore,32.3,1.12,55.00000000000001,9653.0
Concrete Rubble,Grade B,40.0,Tonnes,0.2,25.1,48000.0,50400.0,Delhi,18.3,1.1,55.00000000000001,25096.0
Mixed Demolition Waste,Grade B,10.0,Tonnes,1.1,37.1,4500.0,4725.0,Bangalore,50.0,1.12,55.00000000000001,2086.0
Asbestos / Hazardous Sheeting,Grade E,1200.0,sq.ft,2.2,75.6,0.0,0.0,Mumbai,43.4,1.18,0.0,0.0
Corrugated Roofing Sheets,Grade B,100.0,sq.ft,0.4,10.4,6500.0,6825.0,Delhi,45.5,1.1,55.00000000000001,3921.0
Concrete Rubble,Grade A,60.0,Tonnes,3.4,4.4,72000.0,75600.0,Hyderabad,20.5,1.05,75.0,55268.0
Structural Wood / Timber,Grade A,500.0,sq.ft,1.8,31.7,65000.0,68250.0,Hyderabad,26.1,1.05,75.0,41851.0
Granite Slabs,Grade B,500.0,sq.ft,0.7,8.3,95000.0,99750.0,Pune,6.8,1.06,55.00000000000001,52889.0
Electrical Wiring & Panels,Grade C,5000.0,Pieces,1.9,80.4,1100000.0,1155000.0,Mumbai,43.6,1.18,38.0,267974.0
Flush Doors,Grade D,5000.0,Pieces,0.5,83.9,21000000.0,22050000.0,Delhi,25.1,1.1,22.0,2548314.0
Aluminum Windows,Grade C,5000.0,Pieces,0.8,83.2,14000000.0,14700000.0,Mysuru,41.8,0.95,38.0,2544059.0
Aluminum Windows,Grade B,5000.0,Pieces,8.1,20.3,14000000.0,14700000.0,Mysuru,8.4,0.95,55.00000000000001,6374461.0
Granite Slabs,Grade C,500.0,sq.ft,0.4,47.8,95000.0,99750.0,Mumbai,46.1,1.18,38.0,31385.0
Galvanized Iron (GI) Pipes,Grade A,2000.0,Pieces,3.1,23.1,1100000.0,1155000.0,Hyderabad,36.1,1.05,75.0,727157.0
TMT Steel Rods,Grade A,200.0,kg,2.6,22.5,11600.0,12180.0,Chennai,45.8,1.02,75.0,7305.0
Sanitaryware Ceramics,Grade B,5000.0,Pieces,3.8,19.3,4250000.0,4462500.0,Chennai,39.4,1.02,55.00000000000001,2043943.0
Corrugated Roofing Sheets,Grade E,1200.0,sq.ft,3.2,44.1,78000.0,81900.0,Delhi,48.6,1.1,0.0,0.0
Aluminum Windows,Grade E,1000.0,Pieces,5.8,29.6,2800000.0,2940000.0,Delhi,46.4,1.1,0.0,0.0
Red Bricks,Grade B,500.0,Pieces,1.9,17.8,5500.0,5775.0,Hyderabad,15.9,1.05,55.00000000000001,2795.0
Flush Doors,Grade B,100.0,Pieces,1.6,19.4,420000.0,441000.0,Pune,47.4,1.06,55.00000000000001,214461.0
Mixed Demolition Waste,Grade D,5.0,Tonnes,2.0,31.9,2250.0,2362.5,Delhi,36.0,1.1,22.0,499.0
Construction Sand,Grade B,60.0,Tonnes,2.2,7.9,108000.0,113400.0,Bangalore,21.9,1.12,55.00000000000001,62646.0
Red Bricks,Grade E,50.0,Pieces,2.9,59.5,550.0,577.5,Delhi,22.6,1.1,0.0,0.0
Mixed Demolition Waste,Grade C,5.0,Tonnes,0.6,62.2,2250.0,2362.5,Mysuru,8.4,0.95,38.0,533.0
TMT Steel Rods,Grade A,200.0,kg,1.4,27.5,11600.0,12180.0,Chennai,12.1,1.02,75.0,7385.0
Construction Sand,Grade A,60.0,Tonnes,0.8,15.1,108000.0,113400.0,Delhi,46.5,1.1,75.0,79922.0
Electrical Wiring & Panels,Grade D,5000.0,Pieces,8.7,57.1,1100000.0,1155000.0,Pune,43.2,1.06,22.0,173682.0
TMT Steel Rods,Grade B,200.0,kg,1.4,18.2,11600.0,12180.0,Bangalore,26.3,1.12,55.00000000000001,6901.0
Marble Slabs,Grade B,1200.0,sq.ft,1.1,14.4,252000.0,264600.0,Mysuru,43.6,0.95,55.00000000000001,117293.0
Marble Slabs,Grade A,1200.0,sq.ft,0.7,22.5,252000.0,264600.0,Pune,46.9,1.06,75.0,190343.0
Electrical Wiring & Panels,Grade C,50.0,Pieces,7.7,49.0,11000.0,11550.0,Mysuru,42.7,0.95,38.0,2883.0
Galvanized Iron (GI) Pipes,Grade A,2000.0,Pieces,1.9,27.1,1100000.0,1155000.0,Delhi,21.9,1.1,75.0,747766.0
Cement Blocks,Grade B,1000.0,Pieces,0.9,27.7,52000.0,54600.0,Mumbai,23.8,1.18,55.00000000000001,27784.0
Window Glass,Grade C,1200.0,sq.ft,3.0,23.2,90000.0,94500.0,Mysuru,23.5,0.95,38.0,27143.0
Asbestos / Hazardous Sheeting,Grade E,100.0,sq.ft,1.1,61.0,0.0,0.0,Hyderabad,27.0,1.05,0.0,0.0
Mixed Demolition Waste,Grade A,10.0,Tonnes,7.5,10.7,4500.0,4725.0,Hyderabad,7.4,1.05,75.0,3329.0
Flush Doors,Grade B,2000.0,Pieces,0.7,11.6,8400000.0,8820000.0,Mysuru,20.3,0.95,55.00000000000001,4174900.0
Window Glass,Grade B,250.0,sq.ft,7.9,23.9,18750.0,19687.5,Hyderabad,15.4,1.05,55.00000000000001,9061.0
Cement Blocks,Grade B,2000.0,Pieces,3.1,13.6,104000.0,109200.0,Delhi,39.3,1.1,55.00000000000001,57529.0
Window Glass,Grade E,800.0,sq.ft,4.4,66.2,60000.0,63000.0,Chennai,47.5,1.02,0.0,0.0
Granite Slabs,Grade A,800.0,sq.ft,4.1,2.9,152000.0,159600.0,Pune,28.7,1.06,75.0,117740.0
Mixed Demolition Waste,Grade A,25.0,Tonnes,6.9,5.7,11250.0,11812.5,Pune,17.2,1.06,75.0,8737.0
Corrugated Roofing Sheets,Grade C,800.0,sq.ft,4.6,25.6,52000.0,54600.0,Pune,42.0,1.06,38.0,18820.0
Structural Wood / Timber,Grade A,800.0,sq.ft,0.4,15.7,104000.0,109200.0,Delhi,12.3,1.1,75.0,70189.0
Aluminum Windows,Grade B,1000.0,Pieces,2.6,22.4,2800000.0,2940000.0,Bangalore,46.5,1.12,55.00000000000001,1513916.0
Electrical Wiring & Panels,Grade D,50.0,Pieces,1.3,65.6,11000.0,11550.0,Bangalore,23.7,1.12,22.0,1644.0
Cement Blocks,Grade B,1000.0,Pieces,5.4,16.9,52000.0,54600.0,Chennai,22.6,1.02,55.00000000000001,26478.0
Marble Slabs,Grade A,800.0,sq.ft,3.8,31.2,168000.0,176400.0,Delhi,22.2,1.1,75.0,107415.0
Aluminum Windows,Grade A,1000.0,Pieces,0.3,15.4,2800000.0,2940000.0,Mumbai,28.1,1.18,75.0,2204713.0
Corrugated Roofing Sheets,Grade B,1200.0,sq.ft,2.1,29.1,78000.0,81900.0,Mysuru,22.0,0.95,55.00000000000001,34591.0
Ceramic Floor Tiles,Grade C,800.0,sq.ft,1.9,85.2,33600.0,35280.0,Pune,12.1,1.06,38.0,6618.0
Sanitaryware Ceramics,Grade A,50.0,Pieces,1.7,37.4,42500.0,44625.0,Hyderabad,46.3,1.05,75.0,25611.0
Marble Slabs,Grade D,250.0,sq.ft,7.0,66.2,52500.0,55125.0,Mysuru,25.3,0.95,22.0,6693.0
Sanitaryware Ceramics,Grade B,50.0,Pieces,2.1,25.8,42500.0,44625.0,Bangalore,44.8,1.12,55.00000000000001,21632.0
Marble Slabs,Grade B,800.0,sq.ft,6.3,13.7,168000.0,176400.0,Mysuru,24.8,0.95,55.00000000000001,79431.0
Aluminum Windows,Grade E,2000.0,Pieces,7.5,54.8,5600000.0,5880000.0,Mumbai,5.3,1.18,0.0,0.0
Electrical Wiring & Panels,Grade D,200.0,Pieces,1.8,82.5,44000.0,46200.0,Mumbai,15.6,1.18,22.0,5854.0
Natural Stone Slabs,Grade A,10.0,Tonnes,2.6,21.5,11000.0,11550.0,Hyderabad,45.6,1.05,75.0,7096.0
Mixed Demolition Waste,Grade B,60.0,Tonnes,0.5,36.6,27000.0,28350.0,Delhi,5.9,1.1,55.00000000000001,12026.0
Galvanized Iron (GI) Pipes,Grade C,2000.0,Pieces,8.9,30.2,1100000.0,1155000.0,Chennai,17.7,1.02,38.0,358931.0
Flush Doors,Grade C,1000.0,Pieces,1.0,61.2,4200000.0,4410000.0,Hyderabad,32.7,1.05,38.0,1073604.0
Concrete Rubble,Grade C,5.0,Tonnes,1.0,74.5,6000.0,6300.0,Delhi,30.3,1.1,38.0,1361.0
Mixed Demolition Waste,Grade B,40.0,Tonnes,0.8,16.1,18000.0,18900.0,Chennai,15.0,1.02,55.00000000000001,9509.0
Galvanized Iron (GI) Pipes,Grade E,1000.0,Pieces,1.3,79.5,550000.0,577500.0,Mumbai,26.2,1.18,0.0,0.0
PVC Pipes,Grade C,5000.0,Pieces,3.2,68.6,1300000.0,1365000.0,Bangalore,18.1,1.12,38.0,309309.0
Natural Stone Slabs,Grade B,10.0,Tonnes,1.9,19.8,11000.0,11550.0,Delhi,39.4,1.1,55.00000000000001,5743.0
Corrugated Roofing Sheets,Grade C,250.0,sq.ft,3.1,64.2,16250.0,17062.5,Hyderabad,21.4,1.05,38.0,4072.0
Granite Slabs,Grade C,250.0,sq.ft,6.5,77.9,47500.0,49875.0,Mumbai,37.2,1.18,38.0,11896.0
Red Bricks,Grade C,200.0,Pieces,0.7,64.6,2200.0,2310.0,Chennai,31.4,1.02,38.0,503.0
Sanitaryware Ceramics,Grade B,2000.0,Pieces,2.8,40.1,1700000.0,1785000.0,Delhi,43.4,1.1,55.00000000000001,778467.0
Electrical Wiring & Panels,Grade B,200.0,Pieces,15.3,14.8,44000.0,46200.0,Mumbai,5.9,1.18,55.00000000000001,26212.0
Asbestos / Hazardous Sheeting,Grade E,1200.0,sq.ft,2.0,45.3,0.0,0.0,Delhi,46.6,1.1,0.0,0.0
TMT Steel Rods,Grade B,500.0,kg,12.7,36.2,29000.0,30450.0,Mumbai,47.6,1.18,55.00000000000001,15273.0
Construction Sand,Grade B,60.0,Tonnes,2.9,12.9,108000.0,113400.0,Pune,24.1,1.06,55.00000000000001,56435.0
Asbestos / Hazardous Sheeting,Grade E,100.0,sq.ft,3.7,80.9,0.0,0.0,Chennai,45.7,1.02,0.0,0.0
Sanitaryware Ceramics,Grade C,100.0,Pieces,0.9,71.5,85000.0,89250.0,Hyderabad,31.5,1.05,38.0,18186.0
TMT Steel Rods,Grade B,1500.0,kg,3.9,4.0,87000.0,91350.0,Delhi,36.1,1.1,55.00000000000001,50617.0
Ceramic Floor Tiles,Grade A,500.0,sq.ft,0.4,18.3,21000.0,22050.0,Chennai,13.0,1.02,75.0,13930.0
PVC Pipes,Grade E,5000.0,Pieces,5.0,32.8,1300000.0,1365000.0,Pune,5.9,1.06,0.0,0.0
Red Bricks,Grade B,1000.0,Pieces,1.1,35.2,11000.0,11550.0,Mumbai,16.1,1.18,55.00000000000001,5403.0
Cement Blocks,Grade C,1000.0,Pieces,2.7,57.9,52000.0,54600.0,Mysuru,20.6,0.95,38.0,12497.0
Ceramic Floor Tiles,Grade B,500.0,sq.ft,1.5,2.3,21000.0,22050.0,Mumbai,42.0,1.18,55.00000000000001,13811.0
Window Glass,Grade D,250.0,sq.ft,5.2,40.4,18750.0,19687.5,Mumbai,44.5,1.18,22.0,3753.0
Marble Slabs,Grade B,500.0,sq.ft,7.8,13.4,105000.0,110250.0,Pune,31.4,1.06,55.00000000000001,58328.0
Sanitaryware Ceramics,Grade B,2000.0,Pieces,0.9,9.9,1700000.0,1785000.0,Delhi,7.5,1.1,55.00000000000001,962111.0
TMT Steel Rods,Grade A,1000.0,kg,0.4,17.6,58000.0,60900.0,Delhi,28.8,1.1,75.0,44551.0
Aluminum Windows,Grade B,5000.0,Pieces,0.5,25.9,14000000.0,14700000.0,Pune,44.1,1.06,55.00000000000001,6706279.0
Concrete Rubble,Grade B,40.0,Tonnes,2.1,20.3,48000.0,50400.0,Mysuru,48.6,0.95,55.00000000000001,22431.0
Asbestos / Hazardous Sheeting,Grade E,800.0,sq.ft,7.1,77.9,0.0,0.0,Hyderabad,20.0,1.05,0.0,0.0
Corrugated Roofing Sheets,Grade D,1200.0,sq.ft,8.9,87.1,78000.0,81900.0,Bangalore,6.0,1.12,22.0,9742.0
Ceramic Floor Tiles,Grade C,250.0,sq.ft,2.3,76.8,10500.0,11025.0,Hyderabad,26.3,1.05,38.0,2101.0
PVC Pipes,Grade C,5000.0,Pieces,9.5,59.3,1300000.0,1365000.0,Delhi,13.6,1.1,38.0,372282.0
Cement Blocks,Grade B,50.0,Pieces,0.5,18.1,2600.0,2730.0,Delhi,46.2,1.1,55.00000000000001,1416.0
Cement Blocks,Grade B,1000.0,Pieces,1.5,35.6,52000.0,54600.0,Delhi,11.5,1.1,55.00000000000001,24983.0
Granite Slabs,Grade B,100.0,sq.ft,0.7,14.6,19000.0,19950.0,Mysuru,49.6,0.95,55.00000000000001,9103.0
Galvanized Iron (GI) Pipes,Grade C,50.0,Pieces,3.2,74.9,27500.0,28875.0,Delhi,48.7,1.1,38.0,6291.0
Marble Slabs,Grade A,100.0,sq.ft,5.3,10.8,21000.0,22050.0,Mysuru,31.1,0.95,75.0,13582.0
Marble Slabs,Grade B,500.0,sq.ft,0.8,5.2,105000.0,110250.0,Hyderabad,25.3,1.05,55.00000000000001,60533.0
Ceramic Floor Tiles,Grade A,500.0,sq.ft,1.3,23.3,21000.0,22050.0,Pune,10.7,1.06,75.0,15520.0
Electrical Wiring & Panels,Grade B,2000.0,Pieces,4.1,5.7,440000.0,462000.0,Mumbai,32.0,1.18,55.00000000000001,269363.0
Sanitaryware Ceramics,Grade C,1000.0,Pieces,0.7,50.1,850000.0,892500.0,Mumbai,39.9,1.18,38.0,270264.0
Window Glass,Grade B,100.0,sq.ft,1.0,12.4,7500.0,7875.0,Chennai,12.8,1.02,55.00000000000001,3940.0
Window Glass,Grade A,1200.0,sq.ft,2.9,1.5,90000.0,94500.0,Bangalore,20.2,1.12,75.0,73630.0
Ceramic Floor Tiles,Grade B,500.0,sq.ft,1.0,26.3,21000.0,22050.0,Delhi,8.1,1.1,55.00000000000001,10262.0
TMT Steel Rods,Grade A,1500.0,kg,1.9,24.4,87000.0,91350.0,Pune,30.0,1.06,75.0,58494.0
Window Glass,Grade B,800.0,sq.ft,1.3,20.9,60000.0,63000.0,Delhi,22.9,1.1,55.00000000000001,31051.0
Concrete Rubble,Grade D,5.0,Tonnes,5.9,71.6,6000.0,6300.0,Mumbai,16.1,1.18,22.0,909.0
Marble Slabs,Grade A,250.0,sq.ft,5.4,15.0,52500.0,55125.0,Mumbai,41.7,1.18,75.0,41834.0
Corrugated Roofing Sheets,Grade C,1200.0,sq.ft,1.8,70.1,78000.0,81900.0,Delhi,49.0,1.1,38.0,18425.0
Construction Sand,Grade A,15.0,Tonnes,4.1,22.7,27000.0,28350.0,Pune,34.2,1.06,75.0,18411.0
Granite Slabs,Grade C,250.0,sq.ft,8.7,44.6,47500.0,49875.0,Mysuru,39.0,0.95,38.0,12632.0
Sanitaryware Ceramics,Grade B,100.0,Pieces,2.4,4.5,85000.0,89250.0,Delhi,38.5,1.1,55.00000000000001,48918.0
Cement Blocks,Grade E,2000.0,Pieces,1.2,63.9,104000.0,109200.0,Mysuru,38.0,0.95,0.0,0.0
Ceramic Floor Tiles,Grade B,100.0,sq.ft,1.0,32.4,4200.0,4410.0,Pune,35.9,1.06,55.00000000000001,2107.0
Cement Blocks,Grade B,200.0,Pieces,1.3,32.4,10400.0,10920.0,Bangalore,5.2,1.12,55.00000000000001,4909.0
Red Bricks,Grade C,2000.0,Pieces,0.6,72.9,22000.0,23100.0,Bangalore,15.9,1.12,38.0,5628.0
Construction Sand,Grade B,10.0,Tonnes,2.7,22.6,18000.0,18900.0,Mumbai,33.4,1.18,55.00000000000001,9670.0
Sanitaryware Ceramics,Grade B,50.0,Pieces,2.6,25.6,42500.0,44625.0,Pune,36.6,1.06,55.00000000000001,21259.0
Natural Stone Slabs,Grade B,15.0,Tonnes,0.2,27.1,16500.0,17325.0,Delhi,31.0,1.1,55.00000000000001,7737.0
Galvanized Iron (GI) Pipes,Grade A,2000.0,Pieces,1.8,10.7,1100000.0,1155000.0,Mysuru,40.6,0.95,75.0,711796.0
Aluminum Windows,Grade B,5000.0,Pieces,2.3,7.5,14000000.0,14700000.0,Mysuru,11.9,0.95,55.00000000000001,6894040.0
Asbestos / Hazardous Sheeting,Grade E,100.0,sq.ft,3.4,58.9,0.0,0.0,Chennai,14.8,1.02,0.0,0.0
Corrugated Roofing Sheets,Grade B,500.0,sq.ft,4.6,24.0,32500.0,34125.0,Hyderabad,9.1,1.05,55.00000000000001,15716.0
Asbestos / Hazardous Sheeting,Grade E,800.0,sq.ft,3.2,61.9,0.0,0.0,Delhi,13.2,1.1,0.0,0.0
Aluminum Windows,Grade A,2000.0,Pieces,1.7,37.0,5600000.0,5880000.0,Pune,22.8,1.06,75.0,3516794.0
Marble Slabs,Grade B,500.0,sq.ft,5.9,28.6,105000.0,110250.0,Mysuru,46.8,0.95,55.00000000000001,46189.0
Asbestos / Hazardous Sheeting,Grade E,1200.0,sq.ft,3.1,65.2,0.0,0.0,Mumbai,18.7,1.18,0.0,0.0
Sanitaryware Ceramics,Grade B,5000.0,Pieces,1.4,20.9,4250000.0,4462500.0,Delhi,43.2,1.1,55.00000000000001,2244282.0
Cement Blocks,Grade A,50.0,Pieces,1.5,20.7,2600.0,2730.0,Mysuru,15.1,0.95,75.0,1708.0
Galvanized Iron (GI) Pipes,Grade A,5000.0,Pieces,3.2,9.3,2750000.0,2887500.0,Mumbai,11.9,1.18,75.0,2328759.0
Granite Slabs,Grade D,250.0,sq.ft,0.8,69.1,47500.0,49875.0,Hyderabad,16.1,1.05,22.0,6330.0
Structural Wood / Timber,Grade B,250.0,sq.ft,7.9,16.9,32500.0,34125.0,Delhi,11.2,1.1,55.00000000000001,16741.0
Red Bricks,Grade B,500.0,Pieces,2.9,6.1,5500.0,5775.0,Mysuru,37.5,0.95,55.00000000000001,2923.0
Electrical Wiring & Panels,Grade D,1000.0,Pieces,2.3,47.9,220000.0,231000.0,Bangalore,49.0,1.12,22.0,39052.0
Galvanized Iron (GI) Pipes,Grade E,100.0,Pieces,0.9,66.6,55000.0,57750.0,Hyderabad,49.0,1.05,0.0,0.0
Flush Doors,Grade A,1000.0,Pieces,0.8,9.9,4200000.0,4410000.0,Mysuru,31.8,0.95,75.0,2827987.0
Marble Slabs,Grade A,100.0,sq.ft,0.6,17.2,21000.0,22050.0,Delhi,16.2,1.1,75.0,15070.0
Granite Slabs,Grade E,100.0,sq.ft,1.0,79.9,19000.0,19950.0,Pune,23.8,1.06,0.0,0.0
Granite Slabs,Grade A,500.0,sq.ft,7.8,27.5,95000.0,99750.0,Mumbai,15.2,1.18,75.0,67522.0
Mixed Demolition Waste,Grade E,60.0,Tonnes,2.0,53.7,27000.0,28350.0,Mumbai,9.5,1.18,0.0,0.0
TMT Steel Rods,Grade A,3000.0,kg,3.4,10.8,174000.0,182700.0,Bangalore,17.6,1.12,75.0,128594.0
Electrical Wiring & Panels,Grade A,500.0,Pieces,4.3,17.0,110000.0,115500.0,Chennai,36.1,1.02,75.0,75787.0
TMT Steel Rods,Grade C,1000.0,kg,1.8,65.8,58000.0,60900.0,Mumbai,30.6,1.18,38.0,17627.0
Electrical Wiring & Panels,Grade C,2000.0,Pieces,0.7,58.4,440000.0,462000.0,Mumbai,33.9,1.18,38.0,125712.0
Cement Blocks,Grade A,5000.0,Pieces,2.2,11.6,260000.0,273000.0,Chennai,5.7,1.02,75.0,182348.0
Red Bricks,Grade A,2000.0,Pieces,5.2,3.8,22000.0,23100.0,Hyderabad,8.7,1.05,75.0,15319.0
Galvanized Iron (GI) Pipes,Grade D,2000.0,Pieces,4.6,45.9,1100000.0,1155000.0,Mysuru,10.0,0.95,22.0,167184.0
Electrical Wiring & Panels,Grade A,100.0,Pieces,3.9,22.0,22000.0,23100.0,Chennai,42.7,1.02,75.0,14197.0
Red Bricks,Grade B,1000.0,Pieces,2.2,19.8,11000.0,11550.0,Hyderabad,45.4,1.05,55.00000000000001,4931.0
Concrete Rubble,Grade A,60.0,Tonnes,3.1,11.4,72000.0,75600.0,Delhi,45.9,1.1,75.0,55674.0
Cement Blocks,Grade B,200.0,Pieces,9.8,39.8,10400.0,10920.0,Pune,25.8,1.06,55.00000000000001,4888.0
Flush Doors,Grade C,100.0,Pieces,5.7,71.7,420000.0,441000.0,Mumbai,27.4,1.18,38.0,114867.0
Corrugated Roofing Sheets,Grade C,1200.0,sq.ft,4.2,78.3,78000.0,81900.0,Chennai,28.3,1.02,38.0,15099.0
Sanitaryware Ceramics,Grade C,2000.0,Pieces,0.4,81.9,1700000.0,1785000.0,Hyderabad,11.1,1.05,38.0,356164.0
Galvanized Iron (GI) Pipes,Grade B,200.0,Pieces,0.4,12.3,110000.0,115500.0,Hyderabad,25.5,1.05,55.00000000000001,58184.0
Natural Stone Slabs,Grade D,60.0,Tonnes,1.6,45.5,66000.0,69300.0,Hyderabad,44.0,1.05,22.0,11514.0
Mixed Demolition Waste,Grade D,5.0,Tonnes,7.4,39.3,2250.0,2362.5,Hyderabad,24.4,1.05,22.0,412.0
TMT Steel Rods,Grade B,1500.0,kg,4.0,26.9,87000.0,91350.0,Pune,38.0,1.06,55.00000000000001,43515.0
Ceramic Floor Tiles,Grade A,250.0,sq.ft,6.8,30.7,10500.0,11025.0,Bangalore,37.1,1.12,75.0,7272.0
Cement Blocks,Grade B,50.0,Pieces,8.1,41.5,2600.0,2730.0,Mumbai,46.8,1.18,55.00000000000001,1245.0
Ceramic Floor Tiles,Grade D,250.0,sq.ft,1.4,37.0,10500.0,11025.0,Bangalore,44.1,1.12,22.0,2144.0
PVC Pipes,Grade B,500.0,Pieces,9.7,10.4,130000.0,136500.0,Pune,23.0,1.06,55.00000000000001,71501.0
Electrical Wiring & Panels,Grade A,100.0,Pieces,4.7,14.0,22000.0,23100.0,Mumbai,49.4,1.18,75.0,17371.0
Aluminum Windows,Grade C,500.0,Pieces,1.5,62.7,1400000.0,1470000.0,Mumbai,31.2,1.18,38.0,389453.0
Electrical Wiring & Panels,Grade B,2000.0,Pieces,5.8,15.1,440000.0,462000.0,Bangalore,43.7,1.12,55.00000000000001,243098.0
Corrugated Roofing Sheets,Grade C,250.0,sq.ft,1.6,30.5,16250.0,17062.5,Hyderabad,20.3,1.05,38.0,5450.0
Asbestos / Hazardous Sheeting,Grade E,800.0,sq.ft,5.0,30.7,0.0,0.0,Chennai,29.3,1.02,0.0,0.0
Asbestos / Hazardous Sheeting,Grade E,500.0,sq.ft,0.7,48.2,0.0,0.0,Bangalore,6.5,1.12,0.0,0.0
Marble Slabs,Grade B,250.0,sq.ft,1.4,13.9,52500.0,55125.0,Chennai,39.2,1.02,55.00000000000001,26318.0
Aluminum Windows,Grade A,5000.0,Pieces,3.8,6.9,14000000.0,14700000.0,Mumbai,47.0,1.18,75.0,11523178.0
Cement Blocks,Grade B,50.0,Pieces,1.6,14.2,2600.0,2730.0,Chennai,43.9,1.02,55.00000000000001,1352.0
Structural Wood / Timber,Grade C,500.0,sq.ft,9.4,80.1,65000.0,68250.0,Delhi,25.6,1.1,38.0,14757.0
Cement Blocks,Grade B,200.0,Pieces,1.0,30.9,10400.0,10920.0,Bangalore,24.6,1.12,55.00000000000001,5266.0
Corrugated Roofing Sheets,Grade B,100.0,sq.ft,1.0,20.6,6500.0,6825.0,Hyderabad,38.7,1.05,55.00000000000001,3575.0
Asbestos / Hazardous Sheeting,Grade E,250.0,sq.ft,4.1,43.0,0.0,0.0,Chennai,49.7,1.02,0.0,0.0
Mixed Demolition Waste,Grade B,25.0,Tonnes,2.3,16.4,11250.0,11812.5,Mumbai,29.5,1.18,55.00000000000001,6406.0
Structural Wood / Timber,Grade C,800.0,sq.ft,2.2,57.1,104000.0,109200.0,Pune,46.2,1.06,38.0,26270.0
Sanitaryware Ceramics,Grade D,50.0,Pieces,10.1,62.8,42500.0,44625.0,Bangalore,49.7,1.12,22.0,6509.0
Natural Stone Slabs,Grade B,25.0,Tonnes,14.5,7.4,27500.0,28875.0,Delhi,34.0,1.1,55.00000000000001,15537.0
Structural Wood / Timber,Grade B,800.0,sq.ft,0.6,7.8,104000.0,109200.0,Delhi,22.1,1.1,55.00000000000001,58826.0
Natural Stone Slabs,Grade B,15.0,Tonnes,5.0,29.4,16500.0,17325.0,Pune,15.1,1.06,55.00000000000001,7827.0
Electrical Wiring & Panels,Grade D,1000.0,Pieces,10.0,74.6,220000.0,231000.0,Chennai,8.0,1.02,22.0,28574.0
Structural Wood / Timber,Grade B,250.0,sq.ft,0.3,13.3,32500.0,34125.0,Chennai,41.1,1.02,55.00000000000001,17744.0
Concrete Rubble,Grade D,40.0,Tonnes,0.5,43.1,48000.0,50400.0,Mysuru,35.3,0.95,22.0,7190.0
Mixed Demolition Waste,Grade B,15.0,Tonnes,1.0,16.2,6750.0,7087.5,Hyderabad,37.3,1.05,55.00000000000001,3616.0
Cement Blocks,Grade A,1000.0,Pieces,1.8,20.5,52000.0,54600.0,Pune,39.6,1.06,75.0,35573.0
Aluminum Windows,Grade E,2000.0,Pieces,0.4,75.0,5600000.0,5880000.0,Bangalore,22.6,1.12,0.0,0.0
Flush Doors,Grade B,5000.0,Pieces,0.8,12.3,21000000.0,22050000.0,Delhi,39.6,1.1,55.00000000000001,11304795.0
Window Glass,Grade C,800.0,sq.ft,2.9,73.5,60000.0,63000.0,Mumbai,19.2,1.18,38.0,15239.0
Aluminum Windows,Grade A,200.0,Pieces,1.0,11.7,560000.0,588000.0,Delhi,45.5,1.1,75.0,420734.0
Mixed Demolition Waste,Grade C,10.0,Tonnes,5.2,58.1,4500.0,4725.0,Hyderabad,13.3,1.05,38.0,1090.0
Sanitaryware Ceramics,Grade D,50.0,Pieces,0.4,34.5,42500.0,44625.0,Hyderabad,34.0,1.05,22.0,7942.0
Window Glass,Grade A,1200.0,sq.ft,5.6,5.7,90000.0,94500.0,Delhi,24.9,1.1,75.0,70520.0
Electrical Wiring & Panels,Grade B,500.0,Pieces,4.1,16.4,110000.0,115500.0,Pune,5.9,1.06,55.00000000000001,54781.0
Structural Wood / Timber,Grade B,100.0,sq.ft,1.6,3.6,13000.0,13650.0,Delhi,18.9,1.1,55.00000000000001,7408.0
Natural Stone Slabs,Grade D,15.0,Tonnes,3.0,46.5,16500.0,17325.0,Bangalore,10.3,1.12,22.0,2911.0
Construction Sand,Grade E,25.0,Tonnes,4.0,57.6,45000.0,47250.0,Chennai,20.2,1.02,0.0,0.0
Galvanized Iron (GI) Pipes,Grade A,50.0,Pieces,2.6,29.7,27500.0,28875.0,Bangalore,42.4,1.12,75.0,17171.0
Concrete Rubble,Grade A,60.0,Tonnes,5.5,5.7,72000.0,75600.0,Mysuru,6.8,0.95,75.0,48303.0
Structural Wood / Timber,Grade C,500.0,sq.ft,1.8,67.0,65000.0,68250.0,Hyderabad,37.7,1.05,38.0,15674.0
Cement Blocks,Grade B,100.0,Pieces,0.7,16.2,5200.0,5460.0,Pune,21.4,1.06,55.00000000000001,2653.0
TMT Steel Rods,Grade B,3000.0,kg,0.8,5.3,174000.0,182700.0,Mysuru,37.0,0.95,55.00000000000001,82608.0
TMT Steel Rods,Grade A,1000.0,kg,0.9,2.7,58000.0,60900.0,Delhi,7.9,1.1,75.0,43360.0
TMT Steel Rods,Grade D,1500.0,kg,1.5,72.0,87000.0,91350.0,Delhi,32.4,1.1,22.0,12224.0
Aluminum Windows,Grade B,1000.0,Pieces,0.8,27.2,2800000.0,2940000.0,Pune,46.1,1.06,55.00000000000001,1260057.0
Window Glass,Grade A,500.0,sq.ft,3.4,6.6,37500.0,39375.0,Mysuru,20.0,0.95,75.0,26080.0
Red Bricks,Grade B,500.0,Pieces,2.0,23.4,5500.0,5775.0,Delhi,9.0,1.1,55.00000000000001,2781.0
Granite Slabs,Grade B,800.0,sq.ft,4.0,13.5,152000.0,159600.0,Mysuru,22.8,0.95,55.00000000000001,67519.0
PVC Pipes,Grade E,2000.0,Pieces,1.4,62.4,520000.0,546000.0,Bangalore,48.1,1.12,0.0,0.0
Cement Blocks,Grade B,200.0,Pieces,0.5,8.9,10400.0,10920.0,Mumbai,27.9,1.18,55.00000000000001,6733.0
Asbestos / Hazardous Sheeting,Grade E,100.0,sq.ft,0.9,74.4,0.0,0.0,Hyderabad,6.4,1.05,0.0,0.0
Window Glass,Grade A,250.0,sq.ft,2.2,19.5,18750.0,19687.5,Mysuru,23.0,0.95,75.0,11800.0
Structural Wood / Timber,Grade A,500.0,sq.ft,2.8,26.7,65000.0,68250.0,Mumbai,6.6,1.18,75.0,48824.0
PVC Pipes,Grade A,200.0,Pieces,1.9,12.2,52000.0,54600.0,Mumbai,39.3,1.18,75.0,44669.0
Structural Wood / Timber,Grade D,500.0,sq.ft,7.5,63.3,65000.0,68250.0,Mumbai,19.4,1.18,22.0,9750.0
Electrical Wiring & Panels,Grade A,5000.0,Pieces,0.9,15.6,1100000.0,1155000.0,Chennai,15.0,1.02,75.0,713097.0
PVC Pipes,Grade D,1000.0,Pieces,9.2,28.5,260000.0,273000.0,Hyderabad,12.2,1.05,22.0,47785.0
Corrugated Roofing Sheets,Grade D,250.0,sq.ft,13.8,80.4,16250.0,17062.5,Hyderabad,48.5,1.05,22.0,1969.0
Sanitaryware Ceramics,Grade C,200.0,Pieces,0.5,49.8,170000.0,178500.0,Pune,23.0,1.06,38.0,45161.0
Ceramic Floor Tiles,Grade C,250.0,sq.ft,4.5,77.3,10500.0,11025.0,Mysuru,30.4,0.95,38.0,2046.0
Structural Wood / Timber,Grade A,500.0,sq.ft,0.3,8.4,65000.0,68250.0,Chennai,32.4,1.02,75.0,51359.0
Sanitaryware Ceramics,Grade E,5000.0,Pieces,8.3,88.8,4250000.0,4462500.0,Mumbai,40.9,1.18,0.0,0.0
PVC Pipes,Grade B,5000.0,Pieces,5.6,17.1,1300000.0,1365000.0,Bangalore,41.3,1.12,55.00000000000001,689663.0
Concrete Rubble,Grade B,25.0,Tonnes,2.3,10.3,30000.0,31500.0,Chennai,41.3,1.02,55.00000000000001,16417.0
Marble Slabs,Grade A,1200.0,sq.ft,3.1,18.1,252000.0,264600.0,Mumbai,16.2,1.18,75.0,200229.0
Construction Sand,Grade D,15.0,Tonnes,6.1,60.2,27000.0,28350.0,Chennai,30.2,1.02,22.0,3805.0
TMT Steel Rods,Grade A,3000.0,kg,0.4,14.7,174000.0,182700.0,Pune,39.4,1.06,75.0,127694.0
Construction Sand,Grade B,25.0,Tonnes,2.1,18.0,45000.0,47250.0,Pune,20.2,1.06,55.00000000000001,22130.0
PVC Pipes,Grade A,200.0,Pieces,2.8,12.8,52000.0,54600.0,Pune,27.7,1.06,75.0,39233.0
Red Bricks,Grade B,5000.0,Pieces,1.9,19.1,55000.0,57750.0,Delhi,29.4,1.1,55.00000000000001,30499.0
Corrugated Roofing Sheets,Grade A,500.0,sq.ft,0.8,12.5,32500.0,34125.0,Hyderabad,41.3,1.05,75.0,24871.0
PVC Pipes,Grade A,1000.0,Pieces,1.7,12.2,260000.0,273000.0,Chennai,23.4,1.02,75.0,170103.0
Sanitaryware Ceramics,Grade B,5000.0,Pieces,6.7,20.8,4250000.0,4462500.0,Pune,41.1,1.06,55.00000000000001,2175020.0
Corrugated Roofing Sheets,Grade A,800.0,sq.ft,12.3,30.3,52000.0,54600.0,Chennai,35.2,1.02,75.0,33317.0
Asbestos / Hazardous Sheeting,Grade E,800.0,sq.ft,1.5,46.9,0.0,0.0,Hyderabad,38.7,1.05,0.0,0.0
Red Bricks,Grade C,1000.0,Pieces,3.8,83.3,11000.0,11550.0,Pune,47.7,1.06,38.0,2284.0
TMT Steel Rods,Grade B,1000.0,kg,8.6,17.3,58000.0,60900.0,Chennai,12.8,1.02,55.00000000000001,28732.0
Structural Wood / Timber,Grade C,500.0,sq.ft,4.7,83.9,65000.0,68250.0,Mumbai,14.5,1.18,38.0,14151.0
Electrical Wiring & Panels,Grade A,50.0,Pieces,0.4,24.6,11000.0,11550.0,Chennai,42.2,1.02,75.0,7511.0
Granite Slabs,Grade A,100.0,sq.ft,1.4,7.8,19000.0,19950.0,Delhi,6.2,1.1,75.0,14735.0
Galvanized Iron (GI) Pipes,Grade B,200.0,Pieces,0.7,19.3,110000.0,115500.0,Mysuru,5.3,0.95,55.00000000000001,50447.0
PVC Pipes,Grade D,5000.0,Pieces,0.4,40.4,1300000.0,1365000.0,Mysuru,11.1,0.95,22.0,210107.0
Cement Blocks,Grade B,200.0,Pieces,12.1,21.9,10400.0,10920.0,Bangalore,34.5,1.12,55.00000000000001,5838.0
PVC Pipes,Grade A,50.0,Pieces,0.8,10.3,13000.0,13650.0,Pune,12.1,1.06,75.0,9347.0
Cement Blocks,Grade C,2000.0,Pieces,0.5,83.9,104000.0,109200.0,Mumbai,26.3,1.18,38.0,23838.0
Concrete Rubble,Grade B,5.0,Tonnes,3.8,12.2,6000.0,6300.0,Bangalore,23.2,1.12,55.00000000000001,3399.0
Corrugated Roofing Sheets,Grade B,250.0,sq.ft,3.2,20.7,16250.0,17062.5,Delhi,22.4,1.1,55.00000000000001,8852.0
Asbestos / Hazardous Sheeting,Grade E,1200.0,sq.ft,1.2,55.7,0.0,0.0,Pune,24.4,1.06,0.0,0.0
Ceramic Floor Tiles,Grade A,250.0,sq.ft,2.5,27.4,10500.0,11025.0,Mumbai,43.7,1.18,75.0,7639.0
Electrical Wiring & Panels,Grade C,50.0,Pieces,0.2,71.5,11000.0,11550.0,Pune,41.4,1.06,38.0,2493.0
Window Glass,Grade A,800.0,sq.ft,0.9,14.8,60000.0,63000.0,Hyderabad,9.3,1.05,75.0,43649.0
Electrical Wiring & Panels,Grade B,500.0,Pieces,11.9,28.7,110000.0,115500.0,Delhi,33.3,1.1,55.00000000000001,57676.0
PVC Pipes,Grade B,2000.0,Pieces,9.3,27.7,520000.0,546000.0,Bangalore,11.6,1.12,55.00000000000001,266630.0
Natural Stone Slabs,Grade C,10.0,Tonnes,0.3,40.5,11000.0,11550.0,Mysuru,26.3,0.95,38.0,2889.0
Marble Slabs,Grade C,500.0,sq.ft,4.1,60.1,105000.0,110250.0,Delhi,39.7,1.1,38.0,28556.0
Construction Sand,Grade B,10.0,Tonnes,0.8,17.2,18000.0,18900.0,Mumbai,11.4,1.18,55.00000000000001,10601.0
Structural Wood / Timber,Grade E,250.0,sq.ft,6.9,79.6,32500.0,34125.0,Pune,33.9,1.06,0.0,0.0
Electrical Wiring & Panels,Grade C,1000.0,Pieces,1.6,69.5,220000.0,231000.0,Hyderabad,18.6,1.05,38.0,51325.0
Window Glass,Grade B,800.0,sq.ft,7.0,7.8,60000.0,63000.0,Delhi,38.6,1.1,55.00000000000001,33927.0
Marble Slabs,Grade C,100.0,sq.ft,2.7,79.8,21000.0,22050.0,Mumbai,34.2,1.18,38.0,4501.0
Cement Blocks,Grade B,5000.0,Pieces,3.2,15.9,260000.0,273000.0,Delhi,45.9,1.1,55.00000000000001,146114.0
Granite Slabs,Grade B,500.0,sq.ft,1.8,2.6,95000.0,99750.0,Chennai,5.5,1.02,55.00000000000001,53584.0
Structural Wood / Timber,Grade B,1200.0,sq.ft,1.7,16.4,156000.0,163800.0,Hyderabad,42.6,1.05,55.00000000000001,79595.0
Sanitaryware Ceramics,Grade E,100.0,Pieces,5.8,48.9,85000.0,89250.0,Chennai,11.2,1.02,0.0,0.0
Granite Slabs,Grade A,250.0,sq.ft,6.7,27.4,47500.0,49875.0,Hyderabad,31.3,1.05,75.0,31323.0
Corrugated Roofing Sheets,Grade C,100.0,sq.ft,1.9,77.5,6500.0,6825.0,Hyderabad,10.9,1.05,38.0,1467.0
Flush Doors,Grade B,5000.0,Pieces,10.2,4.7,21000000.0,22050000.0,Hyderabad,13.8,1.05,55.00000000000001,11556538.0
PVC Pipes,Grade C,100.0,Pieces,1.2,46.8,26000.0,27300.0,Pune,24.4,1.06,38.0,7434.0
Structural Wood / Timber,Grade C,800.0,sq.ft,9.6,67.8,104000.0,109200.0,Mysuru,24.0,0.95,38.0,23096.0
Cement Blocks,Grade C,50.0,Pieces,2.0,85.4,2600.0,2730.0,Bangalore,42.8,1.12,38.0,549.0
PVC Pipes,Grade C,2000.0,Pieces,0.3,54.5,520000.0,546000.0,Pune,46.9,1.06,38.0,141417.0
TMT Steel Rods,Grade A,200.0,kg,0.8,14.0,11600.0,12180.0,Pune,49.0,1.06,75.0,8243.0
Ceramic Floor Tiles,Grade B,800.0,sq.ft,10.9,3.9,33600.0,35280.0,Mumbai,36.1,1.18,55.00000000000001,20899.0
Structural Wood / Timber,Grade B,800.0,sq.ft,10.2,22.8,104000.0,109200.0,Mysuru,8.3,0.95,55.00000000000001,44069.0
Structural Wood / Timber,Grade A,1200.0,sq.ft,6.3,15.8,156000.0,163800.0,Mumbai,23.6,1.18,75.0,128386.0
Electrical Wiring & Panels,Grade C,200.0,Pieces,3.9,81.8,44000.0,46200.0,Hyderabad,7.0,1.05,38.0,8794.0
Asbestos / Hazardous Sheeting,Grade E,100.0,sq.ft,0.9,51.7,0.0,0.0,Mysuru,14.0,0.95,0.0,0.0
TMT Steel Rods,Grade C,3000.0,kg,1.6,55.0,174000.0,182700.0,Pune,36.9,1.06,38.0,45655.0
Corrugated Roofing Sheets,Grade D,250.0,sq.ft,12.5,64.2,16250.0,17062.5,Pune,38.4,1.06,22.0,2290.0
Window Glass,Grade B,500.0,sq.ft,3.6,48.1,37500.0,39375.0,Bangalore,44.9,1.12,55.00000000000001,16840.0
Granite Slabs,Grade A,500.0,sq.ft,1.2,1.3,95000.0,99750.0,Mumbai,46.4,1.18,75.0,83218.0
Structural Wood / Timber,Grade E,250.0,sq.ft,1.5,76.2,32500.0,34125.0,Hyderabad,11.3,1.05,0.0,0.0
PVC Pipes,Grade B,1000.0,Pieces,1.0,43.5,260000.0,273000.0,Pune,21.5,1.06,55.00000000000001,113224.0
Flush Doors,Grade D,500.0,Pieces,5.5,82.3,2100000.0,2205000.0,Chennai,28.4,1.02,22.0,253746.0
Window Glass,Grade C,1200.0,sq.ft,10.6,67.1,90000.0,94500.0,Pune,28.7,1.06,38.0,21759.0
Red Bricks,Grade A,200.0,Pieces,0.2,3.6,2200.0,2310.0,Hyderabad,9.8,1.05,75.0,1677.0
Granite Slabs,Grade A,500.0,sq.ft,3.2,22.0,95000.0,99750.0,Mysuru,10.9,0.95,75.0,61963.0
Flush Doors,Grade B,100.0,Pieces,0.3,3.0,420000.0,441000.0,Hyderabad,28.3,1.05,55.00000000000001,240222.0
Window Glass,Grade E,1200.0,sq.ft,1.6,65.7,90000.0,94500.0,Bangalore,41.5,1.12,0.0,0.0
Window Glass,Grade A,100.0,sq.ft,1.2,7.9,7500.0,7875.0,Mysuru,30.1,0.95,75.0,5317.0
Marble Slabs,Grade C,250.0,sq.ft,4.4,77.1,52500.0,55125.0,Pune,25.0,1.06,38.0,11670.0
TMT Steel Rods,Grade A,1500.0,kg,2.6,17.4,87000.0,91350.0,Mysuru,14.0,0.95,75.0,50986.0
Corrugated Roofing Sheets,Grade B,100.0,sq.ft,1.6,24.7,6500.0,6825.0,Bangalore,46.8,1.12,55.00000000000001,3603.0
Electrical Wiring & Panels,Grade A,2000.0,Pieces,0.7,18.5,440000.0,462000.0,Pune,10.6,1.06,75.0,324813.0
Granite Slabs,Grade B,250.0,sq.ft,5.9,12.0,47500.0,49875.0,Mumbai,20.1,1.18,55.00000000000001,29233.0
Galvanized Iron (GI) Pipes,Grade C,5000.0,Pieces,2.3,35.4,2750000.0,2887500.0,Mysuru,17.6,0.95,38.0,767724.0
Aluminum Windows,Grade D,1000.0,Pieces,9.3,64.5,2800000.0,2940000.0,Mumbai,23.4,1.18,22.0,429092.0
Flush Doors,Grade B,100.0,Pieces,3.6,31.7,420000.0,441000.0,Bangalore,40.5,1.12,55.00000000000001,228730.0
Corrugated Roofing Sheets,Grade C,250.0,sq.ft,1.2,81.8,16250.0,17062.5,Bangalore,29.2,1.12,38.0,3655.0
Mixed Demolition Waste,Grade C,5.0,Tonnes,0.4,73.7,2250.0,2362.5,Hyderabad,32.2,1.05,38.0,513.0
Electrical Wiring & Panels,Grade B,200.0,Pieces,0.4,5.9,44000.0,46200.0,Mysuru,17.6,0.95,55.00000000000001,22255.0
PVC Pipes,Grade A,200.0,Pieces,4.3,42.1,52000.0,54600.0,Delhi,23.9,1.1,75.0,32676.0
Natural Stone Slabs,Grade B,15.0,Tonnes,0.8,7.6,16500.0,17325.0,Chennai,38.7,1.02,55.00000000000001,8438.0
PVC Pipes,Grade B,100.0,Pieces,2.8,9.3,26000.0,27300.0,Mysuru,45.1,0.95,55.00000000000001,12183.0
Corrugated Roofing Sheets,Grade E,100.0,sq.ft,2.0,81.1,6500.0,6825.0,Delhi,6.2,1.1,0.0,0.0
Electrical Wiring & Panels,Grade B,1000.0,Pieces,7.0,27.9,220000.0,231000.0,Bangalore,26.4,1.12,55.00000000000001,112734.0
Red Bricks,Grade E,1000.0,Pieces,0.4,85.4,11000.0,11550.0,Bangalore,30.5,1.12,0.0,0.0
Cement Blocks,Grade D,2000.0,Pieces,0.5,31.3,104000.0,109200.0,Pune,30.2,1.06,22.0,18731.0
Red Bricks,Grade B,2000.0,Pieces,1.0,10.0,22000.0,23100.0,Chennai,43.7,1.02,55.00000000000001,12521.0
Aluminum Windows,Grade D,5000.0,Pieces,3.5,80.6,14000000.0,14700000.0,Chennai,23.6,1.02,22.0,1636045.0
Concrete Rubble,Grade A,10.0,Tonnes,0.6,19.9,12000.0,12600.0,Bangalore,6.1,1.12,75.0,8450.0
Corrugated Roofing Sheets,Grade B,800.0,sq.ft,0.6,10.3,52000.0,54600.0,Mysuru,43.0,0.95,55.00000000000001,24711.0
Electrical Wiring & Panels,Grade B,50.0,Pieces,1.7,31.4,11000.0,11550.0,Pune,10.6,1.06,55.00000000000001,4838.0
Ceramic Floor Tiles,Grade D,100.0,sq.ft,1.8,45.2,4200.0,4410.0,Mysuru,38.7,0.95,22.0,626.0
Natural Stone Slabs,Grade B,15.0,Tonnes,0.3,17.4,16500.0,17325.0,Mysuru,33.7,0.95,55.00000000000001,7943.0
Asbestos / Hazardous Sheeting,Grade E,1200.0,sq.ft,0.5,59.6,0.0,0.0,Pune,38.8,1.06,0.0,0.0
Galvanized Iron (GI) Pipes,Grade C,5000.0,Pieces,1.4,53.9,2750000.0,2887500.0,Chennai,40.8,1.02,38.0,704864.0
Corrugated Roofing Sheets,Grade C,250.0,sq.ft,2.3,72.8,16250.0,17062.5,Delhi,40.1,1.1,38.0,3875.0
Flush Doors,Grade A,500.0,Pieces,0.5,17.6,2100000.0,2205000.0,Hyderabad,21.2,1.05,75.0,1538478.0
Structural Wood / Timber,Grade B,100.0,sq.ft,8.1,14.0,13000.0,13650.0,Bangalore,20.9,1.12,55.00000000000001,8047.0
Asbestos / Hazardous Sheeting,Grade E,1200.0,sq.ft,5.0,63.5,0.0,0.0,Chennai,21.2,1.02,0.0,0.0
PVC Pipes,Grade B,2000.0,Pieces,4.2,18.2,520000.0,546000.0,Chennai,36.7,1.02,55.00000000000001,264973.0
Galvanized Iron (GI) Pipes,Grade C,5000.0,Pieces,2.4,66.2,2750000.0,2887500.0,Hyderabad,32.3,1.05,38.0,643902.0
Corrugated Roofing Sheets,Grade C,100.0,sq.ft,1.4,77.3,6500.0,6825.0,Mysuru,10.6,0.95,38.0,1376.0
Cement Blocks,Grade A,100.0,Pieces,0.8,3.3,5200.0,5460.0,Hyderabad,36.8,1.05,75.0,4037.0
Construction Sand,Grade A,25.0,Tonnes,8.5,26.0,45000.0,47250.0,Bangalore,7.1,1.12,75.0,30883.0
Corrugated Roofing Sheets,Grade A,1200.0,sq.ft,8.9,21.9,78000.0,81900.0,Pune,25.1,1.06,75.0,55404.0
Structural Wood / Timber,Grade C,500.0,sq.ft,1.8,56.1,65000.0,68250.0,Pune,35.5,1.06,38.0,17102.0
Ceramic Floor Tiles,Grade A,500.0,sq.ft,1.3,20.3,21000.0,22050.0,Chennai,12.9,1.02,75.0,14811.0
Marble Slabs,Grade B,800.0,sq.ft,1.7,17.3,168000.0,176400.0,Hyderabad,41.0,1.05,55.00000000000001,90088.0
Ceramic Floor Tiles,Grade A,1200.0,sq.ft,4.9,28.7,50400.0,52920.0,Bangalore,36.4,1.12,75.0,35443.0
Natural Stone Slabs,Grade D,15.0,Tonnes,6.6,76.1,16500.0,17325.0,Mumbai,36.4,1.18,22.0,2296.0
Sanitaryware Ceramics,Grade C,2000.0,Pieces,0.5,67.4,1700000.0,1785000.0,Mysuru,45.3,0.95,38.0,371073.0
Marble Slabs,Grade E,500.0,sq.ft,3.8,30.8,105000.0,110250.0,Chennai,34.4,1.02,0.0,0.0
Corrugated Roofing Sheets,Grade B,800.0,sq.ft,2.5,11.3,52000.0,54600.0,Mumbai,45.6,1.18,55.00000000000001,31359.0
Cement Blocks,Grade C,500.0,Pieces,0.2,85.1,26000.0,27300.0,Hyderabad,31.6,1.05,38.0,5233.0
Aluminum Windows,Grade A,5000.0,Pieces,1.8,20.7,14000000.0,14700000.0,Pune,5.3,1.06,75.0,9830116.0
TMT Steel Rods,Grade C,500.0,kg,9.5,56.5,29000.0,30450.0,Pune,45.3,1.06,38.0,7860.0
Corrugated Roofing Sheets,Grade D,500.0,sq.ft,1.8,46.0,32500.0,34125.0,Chennai,33.9,1.02,22.0,5383.0
Red Bricks,Grade B,50.0,Pieces,2.4,8.9,550.0,577.5,Hyderabad,14.0,1.05,55.00000000000001,317.0
Corrugated Roofing Sheets,Grade A,100.0,sq.ft,1.4,42.2,6500.0,6825.0,Delhi,24.5,1.1,75.0,4093.0
Granite Slabs,Grade B,100.0,sq.ft,0.6,10.0,19000.0,19950.0,Bangalore,30.6,1.12,55.00000000000001,10791.0
Flush Doors,Grade C,200.0,Pieces,0.4,50.9,840000.0,882000.0,Chennai,7.1,1.02,38.0,221758.0
Marble Slabs,Grade A,100.0,sq.ft,1.5,24.4,21000.0,22050.0,Chennai,25.1,1.02,75.0,12834.0
Ceramic Floor Tiles,Grade B,100.0,sq.ft,1.5,14.6,4200.0,4410.0,Pune,45.2,1.06,55.00000000000001,2215.0
Aluminum Windows,Grade B,1000.0,Pieces,4.1,18.9,2800000.0,2940000.0,Pune,35.6,1.06,55.00000000000001,1447502.0
Sanitaryware Ceramics,Grade B,50.0,Pieces,3.7,43.1,42500.0,44625.0,Delhi,44.3,1.1,55.00000000000001,19282.0
Granite Slabs,Grade C,100.0,sq.ft,1.8,69.7,19000.0,19950.0,Chennai,34.1,1.02,38.0,4596.0
Mixed Demolition Waste,Grade B,10.0,Tonnes,5.2,8.8,4500.0,4725.0,Mumbai,32.2,1.18,55.00000000000001,3014.0
Granite Slabs,Grade B,800.0,sq.ft,1.4,14.6,152000.0,159600.0,Mysuru,49.1,0.95,55.00000000000001,75572.0
Electrical Wiring & Panels,Grade B,2000.0,Pieces,0.3,15.7,440000.0,462000.0,Hyderabad,40.2,1.05,55.00000000000001,231992.0
Mixed Demolition Waste,Grade A,5.0,Tonnes,6.6,7.0,2250.0,2362.5,Mumbai,5.9,1.18,75.0,1929.0
Sanitaryware Ceramics,Grade B,1000.0,Pieces,0.5,19.6,850000.0,892500.0,Bangalore,18.4,1.12,55.00000000000001,474877.0
Sanitaryware Ceramics,Grade A,500.0,Pieces,4.5,25.4,425000.0,446250.0,Hyderabad,22.3,1.05,75.0,279288.0
Window Glass,Grade B,800.0,sq.ft,4.9,12.6,60000.0,63000.0,Bangalore,47.6,1.12,55.00000000000001,32253.0
Asbestos / Hazardous Sheeting,Grade E,800.0,sq.ft,1.3,84.3,0.0,0.0,Mumbai,6.2,1.18,0.0,0.0
Asbestos / Hazardous Sheeting,Grade E,1200.0,sq.ft,1.4,54.0,0.0,0.0,Chennai,35.2,1.02,0.0,0.0
PVC Pipes,Grade B,500.0,Pieces,3.1,12.8,130000.0,136500.0,Hyderabad,26.4,1.05,55.00000000000001,69230.0
Flush Doors,Grade B,500.0,Pieces,5.6,27.5,2100000.0,2205000.0,Delhi,15.4,1.1,55.00000000000001,1064287.0
Structural Wood / Timber,Grade E,1200.0,sq.ft,0.7,72.0,156000.0,163800.0,Hyderabad,39.2,1.05,0.0,0.0
Sanitaryware Ceramics,Grade B,200.0,Pieces,2.3,13.2,170000.0,178500.0,Hyderabad,50.0,1.05,55.00000000000001,92358.0
Corrugated Roofing Sheets,Grade C,1200.0,sq.ft,5.1,50.4,78000.0,81900.0,Hyderabad,15.5,1.05,38.0,19719.0
Flush Doors,Grade A,500.0,Pieces,0.4,16.3,2100000.0,2205000.0,Delhi,7.3,1.1,75.0,1526858.0
Marble Slabs,Grade A,800.0,sq.ft,2.5,13.1,168000.0,176400.0,Bangalore,33.4,1.12,75.0,126607.0
Red Bricks,Grade C,100.0,Pieces,1.1,83.5,1100.0,1155.0,Mumbai,40.2,1.18,38.0,256.0
Electrical Wiring & Panels,Grade A,100.0,Pieces,5.0,20.3,22000.0,23100.0,Hyderabad,46.4,1.05,75.0,15271.0
PVC Pipes,Grade C,2000.0,Pieces,6.5,70.3,520000.0,546000.0,Pune,42.2,1.06,38.0,117907.0
Marble Slabs,Grade C,500.0,sq.ft,1.5,62.0,105000.0,110250.0,Bangalore,39.2,1.12,38.0,28354.0
Mixed Demolition Waste,Grade C,5.0,Tonnes,3.4,81.9,2250.0,2362.5,Chennai,43.8,1.02,38.0,438.0
Flush Doors,Grade E,5000.0,Pieces,0.9,86.3,21000000.0,22050000.0,Chennai,20.6,1.02,0.0,0.0
Natural Stone Slabs,Grade B,60.0,Tonnes,3.9,11.5,66000.0,69300.0,Hyderabad,21.6,1.05,55.00000000000001,34496.0
Window Glass,Grade C,1200.0,sq.ft,3.7,81.7,90000.0,94500.0,Delhi,49.4,1.1,38.0,18499.0
Corrugated Roofing Sheets,Grade A,250.0,sq.ft,7.9,14.3,16250.0,17062.5,Delhi,14.9,1.1,75.0,11855.0
Granite Slabs,Grade A,100.0,sq.ft,3.6,27.5,19000.0,19950.0,Mumbai,25.1,1.18,75.0,13457.0
Mixed Demolition Waste,Grade B,10.0,Tonnes,5.9,20.2,4500.0,4725.0,Mysuru,32.0,0.95,55.00000000000001,1981.0
Natural Stone Slabs,Grade B,10.0,Tonnes,5.4,9.0,11000.0,11550.0,Mysuru,43.3,0.95,55.00000000000001,5189.0
Mixed Demolition Waste,Grade C,15.0,Tonnes,7.1,66.3,6750.0,7087.5,Hyderabad,49.9,1.05,38.0,1630.0
Asbestos / Hazardous Sheeting,Grade E,1200.0,sq.ft,0.2,65.5,0.0,0.0,Bangalore,32.4,1.12,0.0,0.0
Mixed Demolition Waste,Grade D,5.0,Tonnes,3.5,72.1,2250.0,2362.5,Pune,10.6,1.06,22.0,300.0
Asbestos / Hazardous Sheeting,Grade E,1200.0,sq.ft,1.3,75.0,0.0,0.0,Mysuru,19.5,0.95,0.0,0.0
Natural Stone Slabs,Grade B,60.0,Tonnes,0.2,7.2,66000.0,69300.0,Mumbai,26.5,1.18,55.00000000000001,41807.0
Asbestos / Hazardous Sheeting,Grade E,500.0,sq.ft,3.9,55.7,0.0,0.0,Chennai,45.9,1.02,0.0,0.0
Cement Blocks,Grade A,500.0,Pieces,4.5,12.2,26000.0,27300.0,Chennai,11.0,1.02,75.0,19538.0
Electrical Wiring & Panels,Grade B,50.0,Pieces,2.5,32.8,11000.0,11550.0,Mumbai,38.0,1.18,55.00000000000001,5275.0
Marble Slabs,Grade A,500.0,sq.ft,7.2,19.2,105000.0,110250.0,Pune,30.9,1.06,75.0,76021.0
TMT Steel Rods,Grade B,500.0,kg,6.0,12.5,29000.0,30450.0,Mumbai,23.5,1.18,55.00000000000001,16728.0
Asbestos / Hazardous Sheeting,Grade E,100.0,sq.ft,1.6,51.7,0.0,0.0,Hyderabad,31.8,1.05,0.0,0.0
Asbestos / Hazardous Sheeting,Grade E,250.0,sq.ft,4.8,86.0,0.0,0.0,Bangalore,40.1,1.12,0.0,0.0
Asbestos / Hazardous Sheeting,Grade E,500.0,sq.ft,9.9,62.0,0.0,0.0,Hyderabad,21.0,1.05,0.0,0.0
TMT Steel Rods,Grade B,200.0,kg,3.8,13.4,11600.0,12180.0,Bangalore,40.2,1.12,55.00000000000001,6192.0
PVC Pipes,Grade B,500.0,Pieces,0.2,18.4,130000.0,136500.0,Mumbai,24.5,1.18,55.00000000000001,75957.0
Structural Wood / Timber,Grade D,500.0,sq.ft,2.9,70.5,65000.0,68250.0,Mysuru,48.4,0.95,22.0,7645.0
Aluminum Windows,Grade A,50.0,Pieces,2.4,20.5,140000.0,147000.0,Mumbai,16.5,1.18,75.0,107454.0
Electrical Wiring & Panels,Grade A,2000.0,Pieces,0.4,20.9,440000.0,462000.0,Chennai,16.2,1.02,75.0,305601.0
Construction Sand,Grade A,15.0,Tonnes,0.8,29.6,27000.0,28350.0,Chennai,20.7,1.02,75.0,18399.0
Natural Stone Slabs,Grade D,5.0,Tonnes,2.5,48.8,5500.0,5775.0,Bangalore,33.1,1.12,22.0,933.0
Galvanized Iron (GI) Pipes,Grade A,100.0,Pieces,8.0,11.4,55000.0,57750.0,Bangalore,30.6,1.12,75.0,38891.0
Marble Slabs,Grade A,250.0,sq.ft,4.3,11.4,52500.0,55125.0,Chennai,48.0,1.02,75.0,38293.0
Structural Wood / Timber,Grade B,250.0,sq.ft,0.6,43.4,32500.0,34125.0,Hyderabad,35.5,1.05,55.00000000000001,14253.0
Construction Sand,Grade A,10.0,Tonnes,4.4,2.1,18000.0,18900.0,Hyderabad,7.6,1.05,75.0,14082.0
Window Glass,Grade B,800.0,sq.ft,3.3,11.9,60000.0,63000.0,Mumbai,15.6,1.18,55.00000000000001,36382.0
Construction Sand,Grade B,60.0,Tonnes,1.7,12.6,108000.0,113400.0,Bangalore,23.5,1.12,55.00000000000001,60792.0
Asbestos / Hazardous Sheeting,Grade E,500.0,sq.ft,0.9,46.7,0.0,0.0,Hyderabad,17.7,1.05,0.0,0.0
Structural Wood / Timber,Grade A,800.0,sq.ft,2.5,20.6,104000.0,109200.0,Chennai,25.9,1.02,75.0,68367.0
Ceramic Floor Tiles,Grade A,1200.0,sq.ft,1.0,9.9,50400.0,52920.0,Hyderabad,46.2,1.05,75.0,39346.0
Granite Slabs,Grade A,1200.0,sq.ft,12.7,27.3,228000.0,239400.0,Chennai,24.2,1.02,75.0,152899.0
Asbestos / Hazardous Sheeting,Grade E,500.0,sq.ft,2.2,63.0,0.0,0.0,Chennai,40.7,1.02,0.0,0.0
Concrete Rubble,Grade B,15.0,Tonnes,3.1,21.4,18000.0,18900.0,Delhi,38.8,1.1,55.00000000000001,9582.0
Electrical Wiring & Panels,Grade B,5000.0,Pieces,1.5,8.8,1100000.0,1155000.0,Mysuru,25.1,0.95,55.00000000000001,531021.0
Mixed Demolition Waste,Grade A,60.0,Tonnes,2.3,29.4,27000.0,28350.0,Mysuru,18.4,0.95,75.0,16708.0
Ceramic Floor Tiles,Grade A,250.0,sq.ft,3.6,10.7,10500.0,11025.0,Bangalore,9.5,1.12,75.0,8287.0
Construction Sand,Grade A,60.0,Tonnes,2.4,25.8,108000.0,113400.0,Mumbai,19.3,1.18,75.0,74210.0
Construction Sand,Grade A,10.0,Tonnes,0.3,4.9,18000.0,18900.0,Mysuru,22.6,0.95,75.0,13177.0
Flush Doors,Grade B,500.0,Pieces,2.4,5.7,2100000.0,2205000.0,Mysuru,11.6,0.95,55.00000000000001,1096118.0
Asbestos / Hazardous Sheeting,Grade E,1200.0,sq.ft,0.6,36.7,0.0,0.0,Bangalore,12.1,1.12,0.0,0.0
Galvanized Iron (GI) Pipes,Grade C,50.0,Pieces,1.2,61.9,27500.0,28875.0,Mysuru,12.4,0.95,38.0,5790.0
Granite Slabs,Grade B,500.0,sq.ft,0.9,5.9,95000.0,99750.0,Bangalore,37.6,1.12,55.00000000000001,55554.0
Natural Stone Slabs,Grade B,60.0,Tonnes,7.8,15.0,66000.0,69300.0,Chennai,10.3,1.02,55.00000000000001,31196.0
Mixed Demolition Waste,Grade B,5.0,Tonnes,1.2,2.6,2250.0,2362.5,Bangalore,36.8,1.12,55.00000000000001,1410.0
Mixed Demolition Waste,Grade B,40.0,Tonnes,0.9,8.6,18000.0,18900.0,Hyderabad,18.3,1.05,55.00000000000001,9869.0
Electrical Wiring & Panels,Grade B,50.0,Pieces,1.0,14.6,11000.0,11550.0,Mysuru,46.9,0.95,55.00000000000001,5227.0
Granite Slabs,Grade A,500.0,sq.ft,7.4,16.1,95000.0,99750.0,Hyderabad,36.1,1.05,75.0,66014.0
Flush Doors,Grade A,200.0,Pieces,4.1,21.1,840000.0,882000.0,Chennai,39.1,1.02,75.0,525078.0
Ceramic Floor Tiles,Grade C,800.0,sq.ft,6.6,66.1,33600.0,35280.0,Pune,13.4,1.06,38.0,8281.0
Electrical Wiring & Panels,Grade B,200.0,Pieces,3.1,2.6,44000.0,46200.0,Hyderabad,29.3,1.05,55.00000000000001,23946.0
Mixed Demolition Waste,Grade B,5.0,Tonnes,0.8,12.0,2250.0,2362.5,Mysuru,38.3,0.95,55.00000000000001,1094.0
Red Bricks,Grade B,200.0,Pieces,1.4,33.7,2200.0,2310.0,Pune,18.6,1.06,55.00000000000001,1011.0
Corrugated Roofing Sheets,Grade C,1200.0,sq.ft,4.1,52.2,78000.0,81900.0,Mysuru,22.8,0.95,38.0,19729.0
Construction Sand,Grade B,40.0,Tonnes,4.9,30.3,72000.0,75600.0,Chennai,17.1,1.02,55.00000000000001,32843.0
Corrugated Roofing Sheets,Grade B,1200.0,sq.ft,2.0,8.3,78000.0,81900.0,Hyderabad,44.5,1.05,55.00000000000001,42604.0
Cement Blocks,Grade C,500.0,Pieces,2.4,65.2,26000.0,27300.0,Mumbai,33.2,1.18,38.0,6734.0
Aluminum Windows,Grade B,5000.0,Pieces,5.5,5.4,14000000.0,14700000.0,Chennai,9.7,1.02,55.00000000000001,7788477.0
Flush Doors,Grade B,1000.0,Pieces,1.4,9.0,4200000.0,4410000.0,Bangalore,48.9,1.12,55.00000000000001,2322750.0
Natural Stone Slabs,Grade C,10.0,Tonnes,1.2,74.3,11000.0,11550.0,Mumbai,38.7,1.18,38.0,2585.0
Red Bricks,Grade B,200.0,Pieces,7.9,17.0,2200.0,2310.0,Pune,26.4,1.06,55.00000000000001,1133.0
Structural Wood / Timber,Grade B,800.0,sq.ft,1.0,28.7,104000.0,109200.0,Mysuru,22.2,0.95,55.00000000000001,45338.0
Sanitaryware Ceramics,Grade B,500.0,Pieces,4.1,8.9,425000.0,446250.0,Hyderabad,31.7,1.05,55.00000000000001,232410.0
Asbestos / Hazardous Sheeting,Grade E,500.0,sq.ft,3.3,68.1,0.0,0.0,Pune,36.5,1.06,0.0,0.0
Corrugated Roofing Sheets,Grade B,100.0,sq.ft,1.4,13.6,6500.0,6825.0,Bangalore,46.0,1.12,55.00000000000001,3688.0
Mixed Demolition Waste,Grade B,5.0,Tonnes,1.7,18.9,2250.0,2362.5,Pune,22.2,1.06,55.00000000000001,1216.0
Sanitaryware Ceramics,Grade C,1000.0,Pieces,1.7,39.9,850000.0,892500.0,Chennai,34.4,1.02,38.0,249991.0
Asbestos / Hazardous Sheeting,Grade E,100.0,sq.ft,0.3,79.1,0.0,0.0,Pune,45.9,1.06,0.0,0.0
Structural Wood / Timber,Grade B,100.0,sq.ft,5.8,20.5,13000.0,13650.0,Pune,36.5,1.06,55.00000000000001,6888.0
Window Glass,Grade D,250.0,sq.ft,7.0,50.2,18750.0,19687.5,Pune,38.1,1.06,22.0,2997.0
Corrugated Roofing Sheets,Grade B,250.0,sq.ft,1.3,7.6,16250.0,17062.5,Mysuru,14.9,0.95,55.00000000000001,7842.0
Marble Slabs,Grade A,1200.0,sq.ft,2.1,18.6,252000.0,264600.0,Mumbai,9.7,1.18,75.0,189582.0
Asbestos / Hazardous Sheeting,Grade E,500.0,sq.ft,3.1,63.8,0.0,0.0,Delhi,35.4,1.1,0.0,0.0
Flush Doors,Grade E,5000.0,Pieces,4.5,68.4,21000000.0,22050000.0,Bangalore,16.6,1.12,0.0,0.0
Sanitaryware Ceramics,Grade A,2000.0,Pieces,0.7,2.6,1700000.0,1785000.0,Chennai,5.3,1.02,75.0,1252780.0
Granite Slabs,Grade C,1200.0,sq.ft,2.3,64.8,228000.0,239400.0,Bangalore,42.1,1.12,38.0,59074.0
PVC Pipes,Grade C,500.0,Pieces,0.5,48.4,130000.0,136500.0,Mumbai,44.5,1.18,38.0,43007.0
Structural Wood / Timber,Grade E,250.0,sq.ft,3.5,29.5,32500.0,34125.0,Pune,48.0,1.06,0.0,0.0
Construction Sand,Grade A,25.0,Tonnes,0.3,13.0,45000.0,47250.0,Mysuru,7.5,0.95,75.0,28096.0
Asbestos / Hazardous Sheeting,Grade E,100.0,sq.ft,5.9,75.9,0.0,0.0,Chennai,42.9,1.02,0.0,0.0
Red Bricks,Grade B,50.0,Pieces,0.4,4.7,550.0,577.5,Delhi,46.4,1.1,55.00000000000001,344.0
Electrical Wiring & Panels,Grade B,5000.0,Pieces,2.5,18.8,1100000.0,1155000.0,Pune,32.8,1.06,55.00000000000001,577965.0
Flush Doors,Grade B,5000.0,Pieces,1.0,23.5,21000000.0,22050000.0,Bangalore,28.3,1.12,55.00000000000001,11907367.0
Corrugated Roofing Sheets,Grade E,500.0,sq.ft,0.3,51.7,32500.0,34125.0,Mysuru,36.1,0.95,0.0,0.0
Ceramic Floor Tiles,Grade A,100.0,sq.ft,2.0,16.4,4200.0,4410.0,Mumbai,18.2,1.18,75.0,3332.0
Window Glass,Grade B,800.0,sq.ft,1.0,5.0,60000.0,63000.0,Chennai,48.7,1.02,55.00000000000001,30846.0
TMT Steel Rods,Grade B,1000.0,kg,2.6,3.5,58000.0,60900.0,Bangalore,47.9,1.12,55.00000000000001,35653.0
Structural Wood / Timber,Grade D,100.0,sq.ft,4.6,72.5,13000.0,13650.0,Bangalore,43.2,1.12,22.0,1809.0
Cement Blocks,Grade B,2000.0,Pieces,1.9,24.9,104000.0,109200.0,Hyderabad,12.1,1.05,55.00000000000001,53361.0
Asbestos / Hazardous Sheeting,Grade E,1200.0,sq.ft,0.5,57.0,0.0,0.0,Delhi,13.4,1.1,0.0,0.0
Flush Doors,Grade A,2000.0,Pieces,5.8,40.5,8400000.0,8820000.0,Pune,19.1,1.06,75.0,5345864.0
Flush Doors,Grade B,100.0,Pieces,0.7,15.0,420000.0,441000.0,Mysuru,8.5,0.95,55.00000000000001,191001.0
Cement Blocks,Grade B,500.0,Pieces,1.2,23.5,26000.0,27300.0,Mysuru,20.7,0.95,55.00000000000001,11524.0
Ceramic Floor Tiles,Grade E,500.0,sq.ft,3.2,81.9,21000.0,22050.0,Delhi,7.0,1.1,0.0,0.0
Aluminum Windows,Grade A,2000.0,Pieces,0.6,17.5,5600000.0,5880000.0,Hyderabad,14.4,1.05,75.0,4137315.0
Mixed Demolition Waste,Grade B,60.0,Tonnes,3.5,18.8,27000.0,28350.0,Hyderabad,8.0,1.05,55.00000000000001,14119.0
Structural Wood / Timber,Grade C,100.0,sq.ft,3.1,53.0,13000.0,13650.0,Pune,42.2,1.06,38.0,3588.0
Ceramic Floor Tiles,Grade B,250.0,sq.ft,3.3,12.6,10500.0,11025.0,Chennai,45.0,1.02,55.00000000000001,5336.0
Concrete Rubble,Grade C,15.0,Tonnes,6.2,55.1,18000.0,18900.0,Delhi,8.5,1.1,38.0,5063.0
Galvanized Iron (GI) Pipes,Grade C,50.0,Pieces,1.0,45.3,27500.0,28875.0,Mysuru,31.8,0.95,38.0,6683.0
Electrical Wiring & Panels,Grade D,1000.0,Pieces,0.8,64.6,220000.0,231000.0,Delhi,40.4,1.1,22.0,33822.0
Galvanized Iron (GI) Pipes,Grade B,500.0,Pieces,5.2,18.7,275000.0,288750.0,Bangalore,43.6,1.12,55.00000000000001,151690.0
Granite Slabs,Grade B,100.0,sq.ft,0.3,1.3,19000.0,19950.0,Chennai,15.5,1.02,55.00000000000001,10957.0
Red Bricks,Grade A,1000.0,Pieces,3.5,21.2,11000.0,11550.0,Delhi,5.0,1.1,75.0,8100.0
Marble Slabs,Grade B,100.0,sq.ft,5.2,34.8,21000.0,22050.0,Pune,11.9,1.06,55.00000000000001,10400.0
Marble Slabs,Grade A,500.0,sq.ft,5.4,28.0,105000.0,110250.0,Mysuru,20.8,0.95,75.0,60419.0
Cement Blocks,Grade C,2000.0,Pieces,4.1,66.2,104000.0,109200.0,Delhi,6.0,1.1,38.0,24628.0
Construction Sand,Grade D,10.0,Tonnes,3.4,58.5,18000.0,18900.0,Hyderabad,31.2,1.05,22.0,2719.0
Cement Blocks,Grade B,1000.0,Pieces,3.1,22.8,52000.0,54600.0,Hyderabad,46.0,1.05,55.00000000000001,26545.0
Ceramic Floor Tiles,Grade B,1200.0,sq.ft,0.6,15.9,50400.0,52920.0,Mumbai,9.1,1.18,55.00000000000001,30379.0
Marble Slabs,Grade D,500.0,sq.ft,3.8,53.3,105000.0,110250.0,Hyderabad,48.4,1.05,22.0,16139.0
Red Bricks,Grade C,50.0,Pieces,3.5,73.3,550.0,577.5,Mysuru,24.9,0.95,38.0,108.0
Aluminum Windows,Grade B,500.0,Pieces,5.0,18.2,1400000.0,1470000.0,Bangalore,45.7,1.12,55.00000000000001,751997.0
Ceramic Floor Tiles,Grade B,500.0,sq.ft,1.7,18.1,21000.0,22050.0,Delhi,20.1,1.1,55.00000000000001,10835.0
Asbestos / Hazardous Sheeting,Grade E,250.0,sq.ft,2.3,70.7,0.0,0.0,Hyderabad,27.1,1.05,0.0,0.0
Concrete Rubble,Grade B,25.0,Tonnes,0.3,32.7,30000.0,31500.0,Mysuru,24.7,0.95,55.00000000000001,12810.0
Asbestos / Hazardous Sheeting,Grade E,250.0,sq.ft,1.2,68.9,0.0,0.0,Mumbai,42.1,1.18,0.0,0.0
Granite Slabs,Grade B,100.0,sq.ft,4.4,23.1,19000.0,19950.0,Pune,7.7,1.06,55.00000000000001,9194.0
Asbestos / Hazardous Sheeting,Grade E,500.0,sq.ft,6.8,53.2,0.0,0.0,Mysuru,47.2,0.95,0.0,0.0
Construction Sand,Grade A,5.0,Tonnes,3.5,11.4,9000.0,9450.0,Bangalore,49.5,1.12,75.0,7521.0
